pr_author_race,pr_notice_time,pr_review_time,pr_changed_files,pr_LOC,pr_review_commits,pr_review_comments,pr_commits,repo_stars,repo_create_time,repo_external_contribution,repo_team_size,user_followers,user_dev_time,user_experience,user_repo_experience,user_main_member,user_watched,user_succ_rate
Unkonwn,0,0,6,85,0,0,3,50279,4512,0.6185697153316922,186,73,2683,15.01,11.0,1,0,0.6662225183211192
Unkonwn,0,0,26,994,0,0,21,50279,4512,0.6185697153316922,186,73,2683,15.01,11.0,1,0,0.6662225183211192
Unkonwn,0,0,53,1326,0,0,35,50279,4512,0.6185697153316922,186,73,2683,15.01,11.0,1,0,0.6662225183211192
Unkonwn,0,0,1,7,0,0,1,50279,4512,0.6185697153316922,186,11,3107,21.009999999999998,17.0,0,1,0.6187529747739172
Unkonwn,0,0,1,2,0,0,1,50279,4512,0.6185697153316922,186,20,1749,25.009999999999998,24.0,0,1,0.4398240703718513
Unkonwn,0,0,1,3,0,0,1,50279,4512,0.6185697153316922,186,20,1749,25.009999999999998,24.0,0,1,0.4398240703718513
Unkonwn,0,4,1,2,0,0,1,50279,4512,0.6185697153316922,186,73,2683,15.01,11.0,1,0,0.6662225183211192
API,0,0,1,2,0,0,1,50279,4512,0.6185697153316922,186,26,2269,4.01,1.0,0,0,0.49875311720698257
Unkonwn,0,0,2,24,2,2,3,50279,4512,0.6185697153316922,186,20,1749,25.009999999999998,24.0,0,1,0.4398240703718513
Unkonwn,2,1,1,3,1,1,2,50279,4512,0.6185697153316922,186,11,3107,21.009999999999998,17.0,0,1,0.6187529747739172
Unkonwn,0,0,5,149,0,3,1,50279,4512,0.6185697153316922,186,73,2683,15.01,11.0,1,0,0.6662225183211192
White,0,0,1,2,0,0,1,50279,4512,0.6185697153316922,186,65,3438,13.01,7.0,1,0,0.8455034588777863
API,1,0,1,2,0,0,1,50279,4512,0.6185697153316922,186,5,3354,4.01,4.0,0,1,0.49875311720698257
API,0,0,1,2,0,0,1,50279,4512,0.6185697153316922,186,17,2268,1.01,1.0,0,1,0.9900990099009901
Unkonwn,0,1,1,54,3,0,4,50279,4512,0.6185697153316922,186,20,1749,25.009999999999998,24.0,0,1,0.4398240703718513
Unkonwn,0,0,1,13,0,0,1,50279,4512,0.6185697153316922,186,11,3107,21.009999999999998,17.0,0,1,0.6187529747739172
White,0,2,1,36,0,1,1,50279,4512,0.6185697153316922,186,65,3438,13.01,7.0,1,0,0.8455034588777863
Unkonwn,5,0,2,4,3,4,4,50279,4512,0.6185697153316922,186,20,1749,25.009999999999998,24.0,0,1,0.4398240703718513
Unkonwn,13,0,3,49,8,13,9,50279,4512,0.6185697153316922,186,73,2683,15.01,11.0,1,0,0.6662225183211192
Unkonwn,0,0,1,3,0,0,1,50279,4512,0.6185697153316922,186,20,1749,25.009999999999998,24.0,0,1,0.4398240703718513
White,0,0,1,16,1,2,1,50279,4512,0.6185697153316922,186,151,1673,4.01,3.0,1,1,0.7481296758104738
White,0,0,1,8,1,1,2,50279,4512,0.6185697153316922,186,1,204,12.01,1.0,0,0,0.9159034138218152
Unkonwn,0,0,1,4,0,0,1,50279,4512,0.6185697153316922,186,73,2683,15.01,11.0,1,0,0.6662225183211192
Unkonwn,0,0,1,7,0,0,1,50279,4512,0.6185697153316922,186,73,2683,15.01,11.0,1,0,0.6662225183211192
Unkonwn,0,0,2,47,0,0,1,50279,4512,0.6185697153316922,186,73,2683,15.01,11.0,1,0,0.6662225183211192
Unkonwn,0,0,1,5,0,0,1,50279,4512,0.6185697153316922,186,73,2683,15.01,11.0,1,0,0.6662225183211192
Unkonwn,16,1,4,66,9,21,10,50279,4512,0.6185697153316922,186,11,3107,21.009999999999998,17.0,0,1,0.6187529747739172
White,0,0,3,7,1,0,2,50279,4512,0.6185697153316922,186,51,1325,30.009999999999998,25.0,1,0,0.4665111629456848
Unkonwn,2,1,5,51,5,6,6,50279,4512,0.6185697153316922,186,20,1749,25.009999999999998,24.0,0,1,0.4398240703718513
Unkonwn,4,0,4,34,5,10,18,50279,4512,0.6185697153316922,186,73,2683,15.01,11.0,1,0,0.6662225183211192
API,0,0,1,9,0,0,1,50279,4512,0.6185697153316922,186,43,1936,38.01,6.0,0,1,0.6577216521967904
Unkonwn,0,0,1,1,0,0,1,50279,4512,0.6185697153316922,186,73,2683,15.01,11.0,1,0,0.6662225183211192
White,0,0,1,2,0,0,1,50279,4512,0.6185697153316922,186,65,3438,13.01,7.0,1,0,0.8455034588777863
White,2,0,5,122,3,13,4,50279,4512,0.6185697153316922,186,65,3438,13.01,7.0,1,0,0.8455034588777863
White,0,0,1,4,1,1,2,50279,4512,0.6185697153316922,186,70,2141,5.01,1.0,0,0,0.9980039920159681
Unkonwn,0,0,2,47,3,9,4,50279,4512,0.6185697153316922,186,20,1749,25.009999999999998,24.0,0,1,0.4398240703718513
Unkonwn,1,0,1,31,7,11,8,50279,4512,0.6185697153316922,186,20,1749,25.009999999999998,24.0,0,1,0.4398240703718513
Unkonwn,0,2,2,79,3,0,4,50279,4512,0.6185697153316922,186,20,1749,25.009999999999998,24.0,0,1,0.4398240703718513
API,0,0,1,2,0,0,1,50279,4512,0.6185697153316922,186,43,1936,38.01,6.0,0,1,0.6577216521967904
Unkonwn,3,16,1,2,0,0,1,50279,4512,0.6185697153316922,186,13,1958,8.01,5.0,0,1,0.37453183520599254
White,2,2,1,10,4,15,5,50279,4512,0.6185697153316922,186,37,950,29.009999999999998,24.0,0,1,0.31023784901758017
Unkonwn,0,0,1,4,0,0,1,50279,4512,0.6185697153316922,186,13,2276,3.01,1.0,0,1,0.33222591362126247
White,2,0,2,27,2,5,3,50279,4512,0.6185697153316922,186,65,3438,13.01,7.0,1,0,0.8455034588777863
White,0,0,8,50,0,0,1,50279,4512,0.6185697153316922,186,65,3438,13.01,7.0,1,0,0.8455034588777863
Unkonwn,0,0,1,27,0,0,1,50279,4512,0.6185697153316922,186,73,2683,15.01,11.0,1,0,0.6662225183211192
Unkonwn,0,0,2,10,0,0,1,50279,4512,0.6185697153316922,186,73,2683,15.01,11.0,1,0,0.6662225183211192
Unkonwn,0,0,1,1,0,0,1,50279,4512,0.6185697153316922,186,11,3107,21.009999999999998,17.0,0,1,0.6187529747739172
White,0,0,1,4,0,0,1,50279,4512,0.6185697153316922,186,37,950,29.009999999999998,24.0,0,1,0.31023784901758017
Unkonwn,0,0,1,86,0,0,1,50279,4512,0.6185697153316922,186,73,2683,15.01,11.0,1,0,0.6662225183211192
White,1,11,2,33,2,4,3,50279,4512,0.6185697153316922,186,21,2276,17.009999999999998,2.0,0,0,0.9994121105232218
White,0,6,1,8,3,3,4,50279,4512,0.6185697153316922,186,21,2276,17.009999999999998,2.0,0,0,0.9994121105232218
Unkonwn,0,0,1,253,2,1,3,50279,4512,0.6185697153316922,186,73,2683,15.01,11.0,1,0,0.6662225183211192
White,0,0,1,5,0,0,1,50279,4512,0.6185697153316922,186,65,3438,13.01,7.0,1,0,0.8455034588777863
White,0,0,1,2,0,0,1,50279,4512,0.6185697153316922,186,65,3438,13.01,7.0,1,0,0.8455034588777863
Unkonwn,0,0,4,82,1,1,2,50279,4512,0.6185697153316922,186,73,2683,15.01,11.0,1,0,0.6662225183211192
Unkonwn,0,7,1,23,0,0,1,50279,4512,0.6185697153316922,186,11,3107,21.009999999999998,17.0,0,1,0.6187529747739172
Unkonwn,0,0,3,14,1,0,2,50279,4512,0.6185697153316922,186,73,2683,15.01,11.0,1,0,0.6662225183211192
Unkonwn,0,1,1,251,2,0,3,50279,4512,0.6185697153316922,186,73,2683,15.01,11.0,1,0,0.6662225183211192
Unkonwn,0,1,2,6,0,0,2,50279,4512,0.6185697153316922,186,20,1749,25.009999999999998,24.0,0,1,0.4398240703718513
Unkonwn,0,0,2,18,0,0,1,50279,4512,0.6185697153316922,186,73,2683,15.01,11.0,1,0,0.6662225183211192
White,1,7,1,26,0,0,1,50279,4512,0.6185697153316922,186,37,950,29.009999999999998,24.0,0,1,0.31023784901758017
Unkonwn,0,0,1,2,0,0,1,50279,4512,0.6185697153316922,186,20,1749,25.009999999999998,24.0,0,1,0.4398240703718513
Unkonwn,0,0,1,6,1,0,2,50279,4512,0.6185697153316922,186,20,1749,25.009999999999998,24.0,0,1,0.4398240703718513
API,0,0,1,2,0,0,1,50279,4512,0.6185697153316922,186,5,3354,4.01,4.0,0,1,0.49875311720698257
Unkonwn,0,2,1,16,0,2,1,50279,4512,0.6185697153316922,186,20,1749,25.009999999999998,24.0,0,1,0.4398240703718513
White,13,0,2,20,4,2,5,50279,4512,0.6185697153316922,186,8,2680,22.009999999999998,1.0,0,0,0.636074511585643
Unkonwn,0,0,1,2,1,0,2,50279,4512,0.6185697153316922,186,20,1749,25.009999999999998,24.0,0,1,0.4398240703718513
White,1,0,9,89,2,10,3,50279,4512,0.6185697153316922,186,2,2481,2.01,2.0,0,0,0.9950248756218907
White,0,1,1,4,0,0,1,50279,4512,0.6185697153316922,186,37,950,29.009999999999998,24.0,0,1,0.31023784901758017
Unkonwn,0,1,2,10,4,3,5,50279,4512,0.6185697153316922,186,20,1749,25.009999999999998,24.0,0,1,0.4398240703718513
White,0,1,1,3,0,0,1,50279,4512,0.6185697153316922,186,37,950,29.009999999999998,24.0,0,1,0.31023784901758017
White,0,44,1,6,0,0,1,50279,4512,0.6185697153316922,186,37,950,29.009999999999998,24.0,0,1,0.31023784901758017
White,0,0,1,1,0,0,1,50279,4512,0.6185697153316922,186,37,950,29.009999999999998,24.0,0,1,0.31023784901758017
Unkonwn,0,3,1,4,0,0,1,50279,4512,0.6185697153316922,186,20,1749,25.009999999999998,24.0,0,1,0.4398240703718513
White,4,0,1,3,0,0,1,50279,4512,0.6185697153316922,186,7,2193,2.01,1.0,0,0,0.9950248756218907
API,0,0,1,6,0,2,1,50279,4512,0.6185697153316922,186,78,2219,5.01,1.0,0,0,0.5988023952095809
White,0,0,1,2,0,0,1,50279,4512,0.6185697153316922,186,37,950,29.009999999999998,24.0,0,1,0.31023784901758017
Unkonwn,2,0,2,27,3,8,4,50279,4512,0.6185697153316922,186,11,3107,21.009999999999998,17.0,0,1,0.6187529747739172
Unkonwn,1,0,1,2,0,0,1,50279,4512,0.6185697153316922,186,11,3107,21.009999999999998,17.0,0,1,0.6187529747739172
Unkonwn,0,0,1,4,0,0,1,50279,4512,0.6185697153316922,186,73,2683,15.01,11.0,1,0,0.6662225183211192
API,0,0,1,5,0,0,1,50279,4512,0.6185697153316922,186,13,770,11.01,10.0,0,1,0.6357856494096277
API,0,1,1,2,0,0,1,50279,4512,0.6185697153316922,186,13,770,11.01,10.0,0,1,0.6357856494096277
White,13,6,8,154,4,4,5,50279,4512,0.6185697153316922,186,65,3438,13.01,7.0,1,0,0.8455034588777863
White,7,0,66,3034,9,29,53,50279,4512,0.6185697153316922,186,65,3438,13.01,7.0,1,0,0.8455034588777863
Unkonwn,10,0,2,227,4,4,5,50279,4512,0.6185697153316922,186,20,1749,25.009999999999998,24.0,0,1,0.4398240703718513
Unkonwn,54,0,3,36,8,30,9,50279,4512,0.6185697153316922,186,11,3107,21.009999999999998,17.0,0,1,0.6187529747739172
API,0,0,1,2,0,0,1,50279,4512,0.6185697153316922,186,12,2630,58.01,0.0,0,0,0.8446819513876918
API,0,0,1,2,0,0,1,50279,4512,0.6185697153316922,186,12,2630,58.01,0.0,0,0,0.8446819513876918
Unkonwn,0,0,5,41,0,1,4,50279,4512,0.6185697153316922,186,73,2683,15.01,11.0,1,0,0.6662225183211192
Unkonwn,0,0,23,431,0,1,11,50279,4512,0.6185697153316922,186,73,2683,15.01,11.0,1,0,0.6662225183211192
Unkonwn,10,2,2,43,2,3,3,50279,4512,0.6185697153316922,186,20,1749,25.009999999999998,24.0,0,1,0.4398240703718513
Unkonwn,20,0,1,4,0,4,1,50279,4512,0.6185697153316922,186,20,1749,25.009999999999998,24.0,0,1,0.4398240703718513
Unkonwn,0,0,1,18,1,0,2,50279,4512,0.6185697153316922,186,73,2683,15.01,11.0,1,0,0.6662225183211192
Unkonwn,0,0,1,4,0,0,1,50279,4512,0.6185697153316922,186,73,2683,15.01,11.0,1,0,0.6662225183211192
API,8,16,1,2,0,0,1,50279,4512,0.6185697153316922,186,13,770,11.01,10.0,0,1,0.6357856494096277
Unkonwn,9,9,19,1347,0,10,1,50279,4512,0.6185697153316922,186,16,2182,9.01,5.0,0,1,0.7769145394006659
Unkonwn,0,10,1,10,1,0,2,50279,4512,0.6185697153316922,186,73,2683,15.01,11.0,1,0,0.6662225183211192
API,0,0,1,4,0,0,1,50279,4512,0.6185697153316922,186,13,770,11.01,10.0,0,1,0.6357856494096277
Unkonwn,12,2,1,41,0,2,5,50279,4512,0.6185697153316922,186,11,3107,21.009999999999998,17.0,0,1,0.6187529747739172
White,2,20,2,52,1,3,2,50279,4512,0.6185697153316922,186,0,1367,1.01,1.0,0,0,0.9900990099009901
White,20,4,2,66,5,3,6,50279,4512,0.6185697153316922,186,0,2138,1.01,1.0,0,0,0.9900990099009901
Unkonwn,12,1,1,3,0,3,1,50279,4512,0.6185697153316922,186,20,1749,25.009999999999998,24.0,0,1,0.4398240703718513
API,2,5,4,31,1,7,2,50279,4512,0.6185697153316922,186,43,1936,38.01,6.0,0,1,0.6577216521967904
API,0,0,1,2,1,3,1,50279,4512,0.6185697153316922,186,43,1936,38.01,6.0,0,1,0.6577216521967904
Unkonwn,10,0,1,25,1,3,2,50279,4512,0.6185697153316922,186,20,1749,25.009999999999998,24.0,0,1,0.4398240703718513
API,19,0,5,77,4,10,6,50279,4512,0.6185697153316922,186,43,1936,38.01,6.0,0,1,0.6577216521967904
API,0,0,3,19,1,9,2,50279,4512,0.6185697153316922,186,43,1936,38.01,6.0,0,1,0.6577216521967904
Unkonwn,0,0,1,7,0,0,1,50279,4512,0.6185697153316922,186,73,2683,15.01,11.0,1,0,0.6662225183211192
Unkonwn,0,0,1,2,0,0,1,50279,4512,0.6185697153316922,186,11,3107,21.009999999999998,17.0,0,1,0.6187529747739172
Unkonwn,0,0,1,2,0,0,1,50279,4512,0.6185697153316922,186,73,2683,15.01,11.0,1,0,0.6662225183211192
Unkonwn,0,0,1,1,0,0,1,50279,4512,0.6185697153316922,186,36,1924,1.01,1.0,0,1,0.9900990099009901
Unkonwn,0,0,1,2,0,0,1,50279,4512,0.6185697153316922,186,73,2683,15.01,11.0,1,0,0.6662225183211192
API,5,0,1,6,1,2,2,50279,4512,0.6185697153316922,186,13,770,11.01,10.0,0,1,0.6357856494096277
Unkonwn,0,2,1,2,0,0,1,50279,4512,0.6185697153316922,186,20,1749,25.009999999999998,24.0,0,1,0.4398240703718513
White,0,0,1,1,0,0,1,50279,4512,0.6185697153316922,186,9,2416,2.01,1.0,0,1,0.49751243781094534
Unkonwn,1,17,1,7,0,0,1,50279,4512,0.6185697153316922,186,11,3107,21.009999999999998,17.0,0,1,0.6187529747739172
White,4,0,1,22,0,0,1,50279,4512,0.6185697153316922,186,82,3746,50.01,0.0,0,1,0.8598280343931214
Unkonwn,5,0,2,108,0,0,1,50279,4512,0.6185697153316922,186,73,2683,15.01,11.0,1,0,0.6662225183211192
White,0,0,3,70,1,1,2,50279,4512,0.6185697153316922,186,51,1325,30.009999999999998,25.0,1,0,0.4665111629456848
Unkonwn,6,0,4,47,0,0,1,50279,4512,0.6185697153316922,186,73,2683,15.01,11.0,1,0,0.6662225183211192
Unkonwn,0,0,1,2,0,0,1,50279,4512,0.6185697153316922,186,73,2683,15.01,11.0,1,0,0.6662225183211192
Unkonwn,0,0,1,22,0,0,1,50279,4512,0.6185697153316922,186,73,2683,15.01,11.0,1,0,0.6662225183211192
White,18,13,1,2,0,0,1,50279,4512,0.6185697153316922,186,2288,3222,31.009999999999998,1.0,0,0,0.9996775233795551
Unkonwn,0,0,1,2,0,0,1,50279,4512,0.6185697153316922,186,20,1749,25.009999999999998,24.0,0,1,0.4398240703718513
Unkonwn,0,26,4,44,0,0,1,50279,4512,0.6185697153316922,186,0,635,1.01,1.0,0,0,0.9900990099009901
API,0,0,1,2,0,0,1,50279,4512,0.6185697153316922,186,43,1936,38.01,6.0,0,1,0.6577216521967904
Unkonwn,0,0,1,7,1,1,2,50279,4512,0.6185697153316922,186,73,2683,15.01,11.0,1,0,0.6662225183211192
Unkonwn,4,0,2,18,0,3,1,50279,4512,0.6185697153316922,186,20,1749,25.009999999999998,24.0,0,1,0.4398240703718513
Unkonwn,10,0,1,66,2,9,3,50279,4512,0.6185697153316922,186,11,3107,21.009999999999998,17.0,0,1,0.6187529747739172
Unkonwn,0,0,1,2,0,0,1,50279,4512,0.6185697153316922,186,20,1749,25.009999999999998,24.0,0,1,0.4398240703718513
White,34,0,2,50,0,6,1,50279,4512,0.6185697153316922,186,6,3008,2.01,1.0,0,0,0.9950248756218907
Unkonwn,0,0,25,259,0,0,20,50279,4512,0.6185697153316922,186,73,2683,15.01,11.0,1,0,0.6662225183211192
Unkonwn,0,0,16,92,0,2,9,50279,4512,0.6185697153316922,186,73,2683,15.01,11.0,1,0,0.6662225183211192
Unkonwn,0,0,9,34,0,0,3,50279,4512,0.6185697153316922,186,73,2683,15.01,11.0,1,0,0.6662225183211192
Unkonwn,0,0,1,7,1,0,2,50279,4512,0.6185697153316922,186,20,1749,25.009999999999998,24.0,0,1,0.4398240703718513
White,0,0,2,18,0,0,1,50279,4512,0.6185697153316922,186,2,2481,2.01,2.0,0,0,0.9950248756218907
Unkonwn,4,0,1,37,4,15,5,50279,4512,0.6185697153316922,186,11,3107,21.009999999999998,17.0,0,1,0.6187529747739172
Unkonwn,14,2,1,192,5,8,6,50279,4512,0.6185697153316922,186,11,3107,21.009999999999998,17.0,0,1,0.6187529747739172
API,0,2,1,4,0,0,1,50279,4512,0.6185697153316922,186,13,770,11.01,10.0,0,1,0.6357856494096277
Unkonwn,41,0,84,584,25,30,25,50279,4512,0.6185697153316922,186,20,1749,25.009999999999998,24.0,0,1,0.4398240703718513
Unkonwn,16,2,1,80,2,6,3,50279,4512,0.6185697153316922,186,20,1749,25.009999999999998,24.0,0,1,0.4398240703718513
Hispanic,19,0,1,17,2,3,3,50279,4512,0.6185697153316922,186,20,4392,3.01,1.0,0,0,0.33222591362126247
Unkonwn,0,0,6,10,1,1,2,50279,4512,0.6185697153316922,186,20,1749,25.009999999999998,24.0,0,1,0.4398240703718513
Unkonwn,0,0,1,2,0,0,1,50279,4512,0.6185697153316922,186,11,3107,21.009999999999998,17.0,0,1,0.6187529747739172
Unkonwn,10,0,2,14,1,3,2,50279,4512,0.6185697153316922,186,20,1749,25.009999999999998,24.0,0,1,0.4398240703718513
Unkonwn,0,0,1,4,1,0,2,50279,4512,0.6185697153316922,186,11,3107,21.009999999999998,17.0,0,1,0.6187529747739172
API,0,0,4,8,0,0,1,50279,4512,0.6185697153316922,186,1764,2640,9.01,0.0,0,0,0.7769145394006659
Unkonwn,1,0,1,5,0,2,1,50279,4512,0.6185697153316922,186,20,1749,25.009999999999998,24.0,0,1,0.4398240703718513
Unkonwn,0,1,1,4,0,0,1,50279,4512,0.6185697153316922,186,20,1749,25.009999999999998,24.0,0,1,0.4398240703718513
White,0,0,1,82,3,8,4,50279,4512,0.6185697153316922,186,78,2826,42.01,2.0,0,1,0.8569388240895025
Unkonwn,0,0,1,12,0,1,1,50279,4512,0.6185697153316922,186,73,2683,15.01,11.0,1,0,0.6662225183211192
White,0,0,1,6,0,0,1,50279,4512,0.6185697153316922,186,65,3438,13.01,7.0,1,0,0.8455034588777863
White,23,0,12,179,6,12,6,50279,4512,0.6185697153316922,186,51,1325,30.009999999999998,25.0,1,0,0.4665111629456848
Unkonwn,14,0,1,2,0,0,1,50279,4512,0.6185697153316922,186,11,3107,21.009999999999998,17.0,0,1,0.6187529747739172
API,0,0,1,4,0,0,1,50279,4512,0.6185697153316922,186,78,2219,5.01,1.0,0,0,0.5988023952095809
White,1,0,1,33,7,4,8,50279,4512,0.6185697153316922,186,82,3746,50.01,0.0,0,1,0.8598280343931214
API,0,0,1,4,0,0,1,50279,4512,0.6185697153316922,186,12,612,23.009999999999998,0.0,0,1,0.0
Unkonwn,2,0,1,9,1,3,2,50279,4512,0.6185697153316922,186,11,3107,21.009999999999998,17.0,0,1,0.6187529747739172
White,0,1,1,2,0,0,1,50279,4512,0.6185697153316922,186,3,2879,6.01,2.0,0,1,0.3327787021630616
White,0,1,1,2,0,0,1,50279,4512,0.6185697153316922,186,9,2269,2.01,2.0,0,0,0.0
Unkonwn,0,1,1,4,0,0,1,50279,4512,0.6185697153316922,186,20,1749,25.009999999999998,24.0,0,1,0.4398240703718513
Unkonwn,0,3,4,45,0,0,1,50279,4512,0.6185697153316922,186,73,2683,15.01,11.0,1,0,0.6662225183211192
Unkonwn,0,0,1,4,0,0,1,50279,4512,0.6185697153316922,186,73,2683,15.01,11.0,1,0,0.6662225183211192
White,0,0,1,4,0,0,1,50279,4512,0.6185697153316922,186,2,2481,2.01,2.0,0,0,0.9950248756218907
API,1,0,1,11,1,5,1,50279,4512,0.6185697153316922,186,43,1936,38.01,6.0,0,1,0.6577216521967904
White,0,0,1,2,0,0,1,50279,4512,0.6185697153316922,186,11,3153,0.01,0.0,0,0,0.0
White,0,0,2,18,0,5,1,50279,4512,0.6185697153316922,186,9,2269,2.01,2.0,0,0,0.0
White,0,0,3,17,0,0,1,50279,4512,0.6185697153316922,186,51,1325,30.009999999999998,25.0,1,0,0.4665111629456848
Unkonwn,23,0,4,38,3,5,4,50279,4512,0.6185697153316922,186,9,3384,10.01,0.0,0,1,0.999000999000999
White,0,0,1,4,0,0,1,50279,4512,0.6185697153316922,186,28,4096,14.01,0.0,0,1,0.7851534618129907
Unkonwn,0,0,119,4587,0,3,133,50279,4512,0.6185697153316922,186,73,2683,15.01,11.0,1,0,0.6662225183211192
Unkonwn,0,0,1,3,0,0,1,50279,4512,0.6185697153316922,186,11,3107,21.009999999999998,17.0,0,1,0.6187529747739172
API,2,0,3,16,0,8,1,50279,4512,0.6185697153316922,186,33,2904,1.01,0.0,0,0,0.9900990099009901
Unkonwn,19,1,2,54,1,0,1,50279,4512,0.6185697153316922,186,11,3107,21.009999999999998,17.0,0,1,0.6187529747739172
White,0,2,1,4,0,0,1,50279,4512,0.6185697153316922,186,33,1757,96.00999999999999,0.0,0,0,0.6874283928757422
Unkonwn,0,0,1,10,0,0,1,50279,4512,0.6185697153316922,186,73,2683,15.01,11.0,1,0,0.6662225183211192
White,0,0,2,12,1,2,2,50279,4512,0.6185697153316922,186,65,3438,13.01,7.0,1,0,0.8455034588777863
Unkonwn,0,0,3,27,0,0,1,50279,4512,0.6185697153316922,186,73,2683,15.01,11.0,1,0,0.6662225183211192
Unkonwn,4,3,4,33,1,3,2,50279,4512,0.6185697153316922,186,11,3107,21.009999999999998,17.0,0,1,0.6187529747739172
Unkonwn,0,3,1,4,0,0,1,50279,4512,0.6185697153316922,186,36,1924,1.01,1.0,0,1,0.9900990099009901
White,3,0,4,100,3,7,4,50279,4512,0.6185697153316922,186,0,1451,1.01,1.0,0,1,0.0
Unkonwn,0,0,1,4,0,0,1,50279,4512,0.6185697153316922,186,36,1924,1.01,1.0,0,1,0.9900990099009901
API,3,1,2,6,1,3,2,50279,4512,0.6185697153316922,186,13,770,11.01,10.0,0,1,0.6357856494096277
Unkonwn,0,0,7,16,0,0,1,50279,4512,0.6185697153316922,186,36,1924,1.01,1.0,0,1,0.9900990099009901
API,8,0,1,2,0,0,1,50279,4512,0.6185697153316922,186,2,1664,0.01,0.0,0,0,0.0
Unkonwn,0,0,4,51,0,0,1,50279,4512,0.6185697153316922,186,73,2683,15.01,11.0,1,0,0.6662225183211192
Unkonwn,0,0,1,5,0,0,1,50279,4512,0.6185697153316922,186,73,2683,15.01,11.0,1,0,0.6662225183211192
API,0,0,1,2,0,0,1,50279,4512,0.6185697153316922,186,13,770,11.01,10.0,0,1,0.6357856494096277
Unkonwn,0,89,1,4,2,0,3,50279,4512,0.6185697153316922,186,11,3107,21.009999999999998,17.0,0,1,0.6187529747739172
Unkonwn,0,0,1,2,0,0,1,50279,4512,0.6185697153316922,186,73,2683,15.01,11.0,1,0,0.6662225183211192
Unkonwn,0,0,2,19,0,0,1,50279,4512,0.6185697153316922,186,73,2683,15.01,11.0,1,0,0.6662225183211192
White,0,0,4,13,0,0,1,50279,4512,0.6185697153316922,186,65,3438,13.01,7.0,1,0,0.8455034588777863
White,8,0,9,195,4,4,5,50279,4512,0.6185697153316922,186,0,444,0.01,0.0,0,0,0.0
White,0,2,1,4,0,0,1,50279,4512,0.6185697153316922,186,28,4096,14.01,0.0,0,1,0.7851534618129907
API,3,0,3,20,1,5,2,50279,4512,0.6185697153316922,186,43,1936,38.01,6.0,0,1,0.6577216521967904
API,0,0,1,14,0,0,1,50279,4512,0.6185697153316922,186,13,770,11.01,10.0,0,1,0.6357856494096277
API,5,14,9,83,2,3,3,50279,4512,0.6185697153316922,186,1764,2640,9.01,0.0,0,0,0.7769145394006659
API,9,4,1,15,0,0,1,50279,4512,0.6185697153316922,186,1764,2640,9.01,0.0,0,0,0.7769145394006659
Unkonwn,0,0,1,2,0,0,1,50279,4512,0.6185697153316922,186,73,2683,15.01,11.0,1,0,0.6662225183211192
API,1,0,3,16,1,3,2,50279,4512,0.6185697153316922,186,78,2219,5.01,1.0,0,0,0.5988023952095809
White,0,0,4,91,1,4,2,50279,4512,0.6185697153316922,186,65,3438,13.01,7.0,1,0,0.8455034588777863
Unkonwn,0,10,1,3,0,0,1,50279,4512,0.6185697153316922,186,11,3107,21.009999999999998,17.0,0,1,0.6187529747739172
Unkonwn,0,2,1,10,0,5,1,50279,4512,0.6185697153316922,186,11,3107,21.009999999999998,17.0,0,1,0.6187529747739172
API,0,0,3,25,0,0,1,50279,4512,0.6185697153316922,186,13,770,11.01,10.0,0,1,0.6357856494096277
Unkonwn,0,0,5,20,0,0,1,50279,4512,0.6185697153316922,186,73,2683,15.01,11.0,1,0,0.6662225183211192
White,0,0,1,7,0,0,1,50279,4512,0.6185697153316922,186,65,3438,13.01,7.0,1,0,0.8455034588777863
Unkonwn,1,0,2,15,0,7,1,50279,4512,0.6185697153316922,186,0,1203,0.01,0.0,0,0,0.0
Unkonwn,5,0,5,57,1,5,2,50279,4512,0.6185697153316922,186,11,3107,21.009999999999998,17.0,0,1,0.6187529747739172
API,0,0,2,10,1,0,2,50279,4512,0.6185697153316922,186,0,121,0.01,0.0,0,0,0.0
Unkonwn,0,0,1,18,0,0,1,50279,4512,0.6185697153316922,186,73,2683,15.01,11.0,1,0,0.6662225183211192
White,0,0,2,31,0,0,1,50279,4512,0.6185697153316922,186,65,3438,13.01,7.0,1,0,0.8455034588777863
White,0,0,2,47,2,1,3,50279,4512,0.6185697153316922,186,9,1547,20.009999999999998,1.0,0,0,0.8995502248875563
Unkonwn,0,0,1,4,0,0,1,50279,4512,0.6185697153316922,186,11,3107,21.009999999999998,17.0,0,1,0.6187529747739172
Unkonwn,23,1,1,24,0,0,2,50279,4512,0.6185697153316922,186,13,3562,0.01,0.0,0,0,0.0
White,0,2,1,6,0,0,1,50279,4512,0.6185697153316922,186,1,2686,0.01,0.0,0,0,0.0
API,0,20,1,2,0,0,1,50279,4512,0.6185697153316922,186,13,770,11.01,10.0,0,1,0.6357856494096277
API,0,0,1,3,0,0,1,50279,4512,0.6185697153316922,186,43,1936,38.01,6.0,0,1,0.6577216521967904
White,0,0,1,4,1,4,2,50279,4512,0.6185697153316922,186,44,2347,2.01,0.0,0,0,0.49751243781094534
Unkonwn,0,0,1,2,2,4,3,50279,4512,0.6185697153316922,186,73,2683,15.01,11.0,1,0,0.6662225183211192
API,0,0,1,2,0,0,1,50279,4512,0.6185697153316922,186,13,770,11.01,10.0,0,1,0.6357856494096277
Unkonwn,1,0,2,14,0,0,1,50279,4512,0.6185697153316922,186,73,2683,15.01,11.0,1,0,0.6662225183211192
Unkonwn,0,0,1,7,0,0,1,50279,4512,0.6185697153316922,186,11,3107,21.009999999999998,17.0,0,1,0.6187529747739172
Unkonwn,0,0,1,6,0,0,1,50279,4512,0.6185697153316922,186,73,2683,15.01,11.0,1,0,0.6662225183211192
Hispanic,18,31,1,16,4,2,5,50279,4512,0.6185697153316922,186,5,3844,0.01,0.0,0,0,0.0
Unkonwn,0,0,1,2,1,0,2,50279,4512,0.6185697153316922,186,11,3107,21.009999999999998,17.0,0,1,0.6187529747739172
Unkonwn,0,0,1,9,0,0,1,50279,4512,0.6185697153316922,186,73,2683,15.01,11.0,1,0,0.6662225183211192
Unkonwn,8,10,4,51,5,5,7,50279,4512,0.6185697153316922,186,36,1924,1.01,1.0,0,1,0.9900990099009901
White,17,6,1,17,1,1,2,50279,4512,0.6185697153316922,186,2,1863,2.01,2.0,0,1,0.0
API,4,2,6,23,0,9,1,50279,4512,0.6185697153316922,186,9,2192,0.01,0.0,0,0,0.0
API,0,0,1,4,0,0,1,50279,4512,0.6185697153316922,186,13,770,11.01,10.0,0,1,0.6357856494096277
White,0,0,2,4,0,0,2,50279,4512,0.6185697153316922,186,16,2343,11.01,0.0,0,0,0.36330608537693004
White,0,0,2,36,2,2,3,50279,4512,0.6185697153316922,186,9,1547,20.009999999999998,1.0,0,0,0.8995502248875563
White,0,0,2,80,0,0,1,50279,4512,0.6185697153316922,186,65,3438,13.01,7.0,1,0,0.8455034588777863
White,0,0,1,14,0,0,1,50279,4512,0.6185697153316922,186,9,1547,20.009999999999998,1.0,0,0,0.8995502248875563
White,0,0,1,9,1,1,1,50279,4512,0.6185697153316922,186,65,3438,13.01,7.0,1,0,0.8455034588777863
White,12,2,6,110,0,11,1,50279,4512,0.6185697153316922,186,8,3710,3.01,0.0,0,0,0.0
White,13,0,5,196,4,1,6,50279,4512,0.6185697153316922,186,275,4116,7.01,0.0,0,0,0.9985734664764623
Unkonwn,0,1,2,12,4,0,5,50279,4512,0.6185697153316922,186,11,3107,21.009999999999998,17.0,0,1,0.6187529747739172
White,7,0,4,65,1,7,2,50279,4512,0.6185697153316922,186,65,3438,13.01,7.0,1,0,0.8455034588777863
White,7,0,5,57,0,1,1,50279,4512,0.6185697153316922,186,65,3438,13.01,7.0,1,0,0.8455034588777863
Unkonwn,0,1,6,51,0,0,1,50279,4512,0.6185697153316922,186,11,3107,21.009999999999998,17.0,0,1,0.6187529747739172
White,11,0,1,2,0,0,1,50279,4512,0.6185697153316922,186,201,2799,13.01,4.0,1,1,0.7686395080707148
White,1,0,2,14,0,3,1,50279,4512,0.6185697153316922,186,0,1451,1.01,1.0,0,1,0.0
Unkonwn,15,0,6,121,3,3,4,50279,4512,0.6185697153316922,186,73,2683,15.01,11.0,1,0,0.6662225183211192
Unkonwn,5,0,1,2,0,0,1,50279,4512,0.6185697153316922,186,73,2683,15.01,11.0,1,0,0.6662225183211192
Unkonwn,0,0,1,2,0,0,1,50279,4512,0.6185697153316922,186,73,2683,15.01,11.0,1,0,0.6662225183211192
Unkonwn,0,1,1,1,0,0,1,50279,4512,0.6185697153316922,186,73,2683,15.01,11.0,1,0,0.6662225183211192
Unkonwn,0,0,1,2,0,0,1,50279,4512,0.6185697153316922,186,73,2683,15.01,11.0,1,0,0.6662225183211192
API,0,6,1,12,2,0,2,50279,4512,0.6185697153316922,186,13,770,11.01,10.0,0,1,0.6357856494096277
White,0,0,1,2,0,0,1,50279,4512,0.6185697153316922,186,201,2799,13.01,4.0,1,1,0.7686395080707148
White,0,0,1,2,0,0,1,50279,4512,0.6185697153316922,186,0,1451,1.01,1.0,0,1,0.0
White,0,0,1,6,1,2,2,50279,4512,0.6185697153316922,186,65,3438,13.01,7.0,1,0,0.8455034588777863
White,0,0,1,2,0,0,1,50279,4512,0.6185697153316922,186,65,3438,13.01,7.0,1,0,0.8455034588777863
White,0,0,1,6,0,1,1,50279,4512,0.6185697153316922,186,65,3438,13.01,7.0,1,0,0.8455034588777863
Unkonwn,0,1,1,5,0,0,1,50279,4512,0.6185697153316922,186,1,2158,0.01,0.0,0,1,0.0
Unkonwn,0,0,2,5,0,1,1,50279,4512,0.6185697153316922,186,11,3107,21.009999999999998,17.0,0,1,0.6187529747739172
White,0,3,1,8,0,0,1,50279,4512,0.6185697153316922,186,37,3473,7.01,0.0,0,1,0.7132667617689016
White,2,0,1,9,1,1,2,50279,4512,0.6185697153316922,186,65,3438,13.01,7.0,1,0,0.8455034588777863
White,0,1,1,2,0,0,1,50279,4512,0.6185697153316922,186,2,1863,2.01,2.0,0,1,0.0
White,0,33,3,6,0,0,1,50279,4512,0.6185697153316922,186,2,1863,2.01,2.0,0,1,0.0
White,1,12,1,2,0,0,1,50279,4512,0.6185697153316922,186,33,1757,96.00999999999999,0.0,0,0,0.6874283928757422
API,0,0,1,12,0,0,1,50279,4512,0.6185697153316922,186,13,770,11.01,10.0,0,1,0.6357856494096277
White,0,0,3,22,0,0,1,50279,4512,0.6185697153316922,186,65,3438,13.01,7.0,1,0,0.8455034588777863
White,21,6,10,187,4,17,5,50279,4512,0.6185697153316922,186,28,4096,14.01,0.0,0,1,0.7851534618129907
White,12,10,1,1,0,0,1,50279,4512,0.6185697153316922,186,51,1325,30.009999999999998,25.0,1,0,0.4665111629456848
White,8,5,7,136,9,18,13,50279,4512,0.6185697153316922,186,51,1325,30.009999999999998,25.0,1,0,0.4665111629456848
White,0,0,1,16,1,1,2,50279,4512,0.6185697153316922,186,65,3438,13.01,7.0,1,0,0.8455034588777863
Unkonwn,0,0,36,782,3,2,25,50279,4512,0.6185697153316922,186,73,2683,15.01,11.0,1,0,0.6662225183211192
White,0,0,3,20,0,0,1,50279,4512,0.6185697153316922,186,65,3438,13.01,7.0,1,0,0.8455034588777863
Unkonwn,0,0,9,107,0,2,4,50279,4512,0.6185697153316922,186,73,2683,15.01,11.0,1,0,0.6662225183211192
Unkonwn,0,0,3,18,0,0,2,50279,4512,0.6185697153316922,186,73,2683,15.01,11.0,1,0,0.6662225183211192
Unkonwn,0,0,3,5,0,0,1,50279,4512,0.6185697153316922,186,73,2683,15.01,11.0,1,0,0.6662225183211192
API,0,13,1,9,1,0,2,50279,4512,0.6185697153316922,186,13,770,11.01,10.0,0,1,0.6357856494096277
White,1,4,2,157,6,7,7,50279,4512,0.6185697153316922,186,65,3438,13.01,7.0,1,0,0.8455034588777863
Unkonwn,13,12,2,36,0,15,1,50279,4512,0.6185697153316922,186,16,2182,9.01,5.0,0,1,0.7769145394006659
Unkonwn,2,0,2,6,1,1,2,50279,4512,0.6185697153316922,186,36,1924,1.01,1.0,0,1,0.9900990099009901
White,0,0,4,111,1,4,2,50279,4512,0.6185697153316922,186,51,1325,30.009999999999998,25.0,1,0,0.4665111629456848
API,4,0,1,8,0,0,1,50279,4512,0.6185697153316922,186,9,2192,0.01,0.0,0,0,0.0
White,0,0,3,58,0,6,4,50279,4512,0.6185697153316922,186,65,3438,13.01,7.0,1,0,0.8455034588777863
White,3,0,1,2,1,13,1,50279,4512,0.6185697153316922,186,37,3473,7.01,0.0,0,1,0.7132667617689016
White,0,0,2,4,0,0,1,50279,4512,0.6185697153316922,186,51,1325,30.009999999999998,25.0,1,0,0.4665111629456848
API,0,0,1,3,1,2,2,50279,4512,0.6185697153316922,186,13,770,11.01,10.0,0,1,0.6357856494096277
White,0,0,2,11,0,0,1,50279,4512,0.6185697153316922,186,65,3438,13.01,7.0,1,0,0.8455034588777863
White,0,0,1,5,0,0,1,50279,4512,0.6185697153316922,186,65,3438,13.01,7.0,1,0,0.8455034588777863
Unkonwn,0,0,1,2,0,0,1,50279,4512,0.6185697153316922,186,11,3107,21.009999999999998,17.0,0,1,0.6187529747739172
Unkonwn,10,20,7,88,5,10,6,50279,4512,0.6185697153316922,186,11,3107,21.009999999999998,17.0,0,1,0.6187529747739172
White,0,0,2,29,1,1,2,50279,4512,0.6185697153316922,186,65,3438,13.01,7.0,1,0,0.8455034588777863
White,0,0,5,54,0,1,4,50279,4512,0.6185697153316922,186,65,3438,13.01,7.0,1,0,0.8455034588777863
Unkonwn,0,0,17,442,0,0,12,50279,4512,0.6185697153316922,186,73,2683,15.01,11.0,1,0,0.6662225183211192
Unkonwn,0,0,24,571,0,2,11,50279,4512,0.6185697153316922,186,73,2683,15.01,11.0,1,0,0.6662225183211192
Unkonwn,0,0,89,2506,0,0,53,50279,4512,0.6185697153316922,186,73,2683,15.01,11.0,1,0,0.6662225183211192
Unkonwn,0,0,1,5,0,0,1,50279,4512,0.6185697153316922,186,73,2683,15.01,11.0,1,0,0.6662225183211192
White,0,0,3,15,0,0,1,50279,4512,0.6185697153316922,186,65,3438,13.01,7.0,1,0,0.8455034588777863
White,0,0,3,47,2,6,3,50279,4512,0.6185697153316922,186,51,1325,30.009999999999998,25.0,1,0,0.4665111629456848
White,0,0,4,52,0,0,1,50279,4512,0.6185697153316922,186,65,3438,13.01,7.0,1,0,0.8455034588777863
White,0,8,4,54,2,0,3,50279,4512,0.6185697153316922,186,28,4096,14.01,0.0,0,1,0.7851534618129907
White,0,0,2,28,0,0,1,50279,4512,0.6185697153316922,186,1,2665,0.01,0.0,0,1,0.0
Unkonwn,7,2,2,25,11,19,11,50279,4512,0.6185697153316922,186,36,1924,1.01,1.0,0,1,0.9900990099009901
Unkonwn,0,0,1,9,0,0,1,50279,4512,0.6185697153316922,186,73,2683,15.01,11.0,1,0,0.6662225183211192
API,5,0,3,28,3,2,4,50279,4512,0.6185697153316922,186,13,770,11.01,10.0,0,1,0.6357856494096277
White,0,0,1,2,0,0,1,50279,4512,0.6185697153316922,186,65,3438,13.01,7.0,1,0,0.8455034588777863
Unkonwn,0,0,2,5,0,0,1,50279,4512,0.6185697153316922,186,73,2683,15.01,11.0,1,0,0.6662225183211192
White,0,0,5,100,0,6,3,50279,4512,0.6185697153316922,186,28,4096,14.01,0.0,0,1,0.7851534618129907
White,0,0,9,84,2,4,3,50279,4512,0.6185697153316922,186,65,3438,13.01,7.0,1,0,0.8455034588777863
Unkonwn,0,0,1,10,0,0,1,50279,4512,0.6185697153316922,186,73,2683,15.01,11.0,1,0,0.6662225183211192
Unkonwn,20,2,1,21,0,0,1,50279,4512,0.6185697153316922,186,11,3107,21.009999999999998,17.0,0,1,0.6187529747739172
White,0,1,1,3,1,0,2,50279,4512,0.6185697153316922,186,78,2826,42.01,2.0,0,1,0.8569388240895025
White,8,2,2,41,3,6,4,50279,4512,0.6185697153316922,186,0,1451,1.01,1.0,0,1,0.0
White,0,0,2,27,0,1,1,50279,4512,0.6185697153316922,186,65,3438,13.01,7.0,1,0,0.8455034588777863
White,0,0,1,29,1,1,2,50279,4512,0.6185697153316922,186,65,3438,13.01,7.0,1,0,0.8455034588777863
White,0,0,1,4,0,0,1,50279,4512,0.6185697153316922,186,65,3438,13.01,7.0,1,0,0.8455034588777863
White,0,0,4,59,0,0,1,50279,4512,0.6185697153316922,186,78,2826,42.01,2.0,0,1,0.8569388240895025
Unkonwn,0,0,2,23,0,6,2,50279,4512,0.6185697153316922,186,45,2873,0.01,0.0,0,1,0.0
White,9,0,5,57,0,0,1,50279,4512,0.6185697153316922,186,0,1451,1.01,1.0,0,1,0.0
White,0,0,1,96,0,0,1,50279,4512,0.6185697153316922,186,201,2799,13.01,4.0,1,1,0.7686395080707148
White,0,0,1,6,0,0,1,50279,4512,0.6185697153316922,186,78,2826,42.01,2.0,0,1,0.8569388240895025
White,0,0,5,127,2,8,3,50279,4512,0.6185697153316922,186,65,3438,13.01,7.0,1,0,0.8455034588777863
API,0,0,2,8,0,0,1,50279,4512,0.6185697153316922,186,1764,2640,9.01,0.0,0,0,0.7769145394006659
Unkonwn,0,0,1,6,1,0,2,50279,4512,0.6185697153316922,186,73,2683,15.01,11.0,1,0,0.6662225183211192
Unkonwn,0,0,2,14,0,0,1,50279,4512,0.6185697153316922,186,73,2683,15.01,11.0,1,0,0.6662225183211192
White,0,0,3,42,1,0,2,50279,4512,0.6185697153316922,186,65,3438,13.01,7.0,1,0,0.8455034588777863
White,21,0,1,4,1,4,2,50279,4512,0.6185697153316922,186,26,3971,5.01,0.0,0,0,0.5988023952095809
Unkonwn,13,0,3,126,3,9,4,50279,4512,0.6185697153316922,186,11,3107,21.009999999999998,17.0,0,1,0.6187529747739172
White,0,0,1,6,0,0,1,50279,4512,0.6185697153316922,186,78,2826,42.01,2.0,0,1,0.8569388240895025
White,0,0,5,50,0,0,1,50279,4512,0.6185697153316922,186,28,4096,14.01,0.0,0,1,0.7851534618129907
API,0,0,1,15,1,1,2,50279,4512,0.6185697153316922,186,78,2219,5.01,1.0,0,0,0.5988023952095809
Unkonwn,3,1,9,28,1,3,2,50279,4512,0.6185697153316922,186,11,3107,21.009999999999998,17.0,0,1,0.6187529747739172
White,0,0,1,6,0,0,1,50279,4512,0.6185697153316922,186,65,3438,13.01,7.0,1,0,0.8455034588777863
White,10,0,6,166,3,16,4,50279,4512,0.6185697153316922,186,28,4096,14.01,0.0,0,1,0.7851534618129907
API,0,0,4,285,0,10,1,50279,4512,0.6185697153316922,186,78,2219,5.01,1.0,0,0,0.5988023952095809
Unkonwn,3,0,4,173,1,4,2,50279,4512,0.6185697153316922,186,73,2683,15.01,11.0,1,0,0.6662225183211192
White,68,1,2,326,6,9,9,50279,4512,0.6185697153316922,186,28,4096,14.01,0.0,0,1,0.7851534618129907
White,1,0,4,35,5,3,7,50279,4512,0.6185697153316922,186,65,3438,13.01,7.0,1,0,0.8455034588777863
White,0,0,1,2,1,0,1,50279,4512,0.6185697153316922,186,151,1673,4.01,3.0,1,1,0.7481296758104738
Unkonwn,0,0,1,10,0,0,1,50279,4512,0.6185697153316922,186,11,3107,21.009999999999998,17.0,0,1,0.6187529747739172
Unkonwn,0,0,91,6972,0,5,58,50279,4512,0.6185697153316922,186,73,2683,15.01,11.0,1,0,0.6662225183211192
Unkonwn,0,0,1,159,0,0,1,50279,4512,0.6185697153316922,186,73,2683,15.01,11.0,1,0,0.6662225183211192
Unkonwn,0,0,1,4,0,0,1,50279,4512,0.6185697153316922,186,73,2683,15.01,11.0,1,0,0.6662225183211192
Unkonwn,0,0,3,23,0,0,1,50279,4512,0.6185697153316922,186,73,2683,15.01,11.0,1,0,0.6662225183211192
API,0,0,1,11,0,0,1,50279,4512,0.6185697153316922,186,13,770,11.01,10.0,0,1,0.6357856494096277
API,8,54,7,69,4,11,4,50279,4512,0.6185697153316922,186,43,1936,38.01,6.0,0,1,0.6577216521967904
White,0,0,1,6,0,0,1,50279,4512,0.6185697153316922,186,65,3438,13.01,7.0,1,0,0.8455034588777863
White,9,0,4,12,0,0,1,50279,4512,0.6185697153316922,186,65,3438,13.01,7.0,1,0,0.8455034588777863
White,12,0,11,141,0,0,1,50279,4512,0.6185697153316922,186,51,1325,30.009999999999998,25.0,1,0,0.4665111629456848
Unkonwn,15,29,2,10,0,0,1,50279,4512,0.6185697153316922,186,17,3492,1.01,0.0,0,0,0.9900990099009901
White,0,0,1,101,3,2,4,50279,4512,0.6185697153316922,186,65,3438,13.01,7.0,1,0,0.8455034588777863
Unkonwn,0,0,1,2,0,0,1,50279,4512,0.6185697153316922,186,11,3107,21.009999999999998,17.0,0,1,0.6187529747739172
White,0,0,1,11,2,2,3,50279,4512,0.6185697153316922,186,24,2293,0.01,0.0,0,0,0.0
White,2,0,7,256,7,12,8,50279,4512,0.6185697153316922,186,65,3438,13.01,7.0,1,0,0.8455034588777863
White,0,0,1,4,0,0,1,50279,4512,0.6185697153316922,186,151,1673,4.01,3.0,1,1,0.7481296758104738
Unkonwn,0,0,2,4,0,0,1,50279,4512,0.6185697153316922,186,73,2683,15.01,11.0,1,0,0.6662225183211192
Unkonwn,1,0,3,19,0,0,1,50279,4512,0.6185697153316922,186,73,2683,15.01,11.0,1,0,0.6662225183211192
Unkonwn,0,28,1,4,1,1,2,50279,4512,0.6185697153316922,186,11,3107,21.009999999999998,17.0,0,1,0.6187529747739172
Unkonwn,0,0,2,9,0,0,1,50279,4512,0.6185697153316922,186,73,2683,15.01,11.0,1,0,0.6662225183211192
White,0,0,2,109,0,0,1,50279,4512,0.6185697153316922,186,28,4096,14.01,0.0,0,1,0.7851534618129907
Unkonwn,0,0,1,2,0,0,1,50279,4512,0.6185697153316922,186,11,3107,21.009999999999998,17.0,0,1,0.6187529747739172
White,0,0,1,4,0,0,1,50279,4512,0.6185697153316922,186,65,3438,13.01,7.0,1,0,0.8455034588777863
API,0,0,2,4,1,0,2,50279,4512,0.6185697153316922,186,1764,2640,9.01,0.0,0,0,0.7769145394006659
White,0,0,3,9,0,0,1,50279,4512,0.6185697153316922,186,65,3438,13.01,7.0,1,0,0.8455034588777863
API,0,0,1,2,3,1,4,50279,4512,0.6185697153316922,186,1764,2640,9.01,0.0,0,0,0.7769145394006659
API,0,0,1,2,0,0,1,50279,4512,0.6185697153316922,186,1764,2640,9.01,0.0,0,0,0.7769145394006659
White,0,1,1,2,0,0,1,50279,4512,0.6185697153316922,186,6,2277,0.01,0.0,0,0,0.0
API,0,0,1,5,2,0,3,50279,4512,0.6185697153316922,186,1764,2640,9.01,0.0,0,0,0.7769145394006659
Unkonwn,0,0,1,69,3,6,4,50279,4512,0.6185697153316922,186,73,2683,15.01,11.0,1,0,0.6662225183211192
White,0,0,3,122,3,7,4,50279,4512,0.6185697153316922,186,28,4096,14.01,0.0,0,1,0.7851534618129907
White,0,3,4,92,0,0,1,50279,4512,0.6185697153316922,186,65,3438,13.01,7.0,1,0,0.8455034588777863
API,8,3,1,32,2,4,3,50279,4512,0.6185697153316922,186,43,1936,38.01,6.0,0,1,0.6577216521967904
Unkonwn,0,2,2,6,0,0,1,50279,4512,0.6185697153316922,186,9,3384,10.01,0.0,0,1,0.999000999000999
White,4,0,2,367,2,6,3,50279,4512,0.6185697153316922,186,28,4096,14.01,0.0,0,1,0.7851534618129907
White,0,5,1,33,1,0,2,50279,4512,0.6185697153316922,186,201,2799,13.01,4.0,1,1,0.7686395080707148
API,2,0,1,37,1,2,2,50279,4512,0.6185697153316922,186,13,770,11.01,10.0,0,1,0.6357856494096277
Unkonwn,13,0,7,586,7,30,8,50279,4512,0.6185697153316922,186,9,3384,10.01,0.0,0,1,0.999000999000999
White,19,0,1,19,0,1,1,50279,4512,0.6185697153316922,186,28,4194,11.01,1.0,0,1,0.9082652134423251
White,0,1,2,552,1,10,2,50279,4512,0.6185697153316922,186,28,4096,14.01,0.0,0,1,0.7851534618129907
Unkonwn,0,0,1,10,1,5,2,50279,4512,0.6185697153316922,186,195,3940,9.01,0.0,0,1,0.9988901220865705
White,15,0,7,695,19,30,20,50279,4512,0.6185697153316922,186,0,560,0.01,0.0,0,0,0.0
Unkonwn,0,0,1,2,0,0,1,50279,4512,0.6185697153316922,186,73,2683,15.01,11.0,1,0,0.6662225183211192
Unkonwn,55,0,1,74,3,10,4,50279,4512,0.6185697153316922,186,11,3107,21.009999999999998,17.0,0,1,0.6187529747739172
White,0,0,2,15,1,0,2,50279,4512,0.6185697153316922,186,51,1325,30.009999999999998,25.0,1,0,0.4665111629456848
Unkonwn,0,0,42,1504,0,4,39,50279,4512,0.6185697153316922,186,73,2683,15.01,11.0,1,0,0.6662225183211192
Unkonwn,0,0,2,17,0,0,1,50279,4512,0.6185697153316922,186,73,2683,15.01,11.0,1,0,0.6662225183211192
API,0,0,1,2,0,2,1,50279,4512,0.6185697153316922,186,22,2178,16.009999999999998,0.0,0,0,0.9369144284821987
Unkonwn,1,0,89,6820,0,11,87,50279,4512,0.6185697153316922,186,73,2683,15.01,11.0,1,0,0.6662225183211192
API,6,10,3,65,4,11,4,50279,4512,0.6185697153316922,186,43,1936,38.01,6.0,0,1,0.6577216521967904
Unkonwn,0,0,1,7,0,0,1,50279,4512,0.6185697153316922,186,73,2683,15.01,11.0,1,0,0.6662225183211192
Unkonwn,0,0,4,60,0,3,1,50279,4512,0.6185697153316922,186,73,2683,15.01,11.0,1,0,0.6662225183211192
API,7,14,11,1025,11,19,14,50279,4512,0.6185697153316922,186,78,2219,5.01,1.0,0,0,0.5988023952095809
API,0,0,1,1,0,0,1,50279,4512,0.6185697153316922,186,13,770,11.01,10.0,0,1,0.6357856494096277
Unkonwn,0,1,1,2,0,0,1,50279,4512,0.6185697153316922,186,73,2683,15.01,11.0,1,0,0.6662225183211192
White,0,13,3,30,12,0,14,50279,4512,0.6185697153316922,186,82,3746,50.01,0.0,0,1,0.8598280343931214
White,23,0,8,1165,21,30,21,50279,4512,0.6185697153316922,186,28,4096,14.01,0.0,0,1,0.7851534618129907
Unkonwn,44,2,3,112,8,9,9,50279,4512,0.6185697153316922,186,16,1855,2.01,0.0,0,1,0.9950248756218907
Unkonwn,0,0,1,2,0,0,1,50279,4512,0.6185697153316922,186,11,3107,21.009999999999998,17.0,0,1,0.6187529747739172
Unkonwn,0,0,1,1,0,0,1,50279,4512,0.6185697153316922,186,73,2683,15.01,11.0,1,0,0.6662225183211192
White,0,0,2,12,2,2,3,50279,4512,0.6185697153316922,186,9,1547,20.009999999999998,1.0,0,0,0.8995502248875563
Unkonwn,0,0,1,2,0,0,1,50279,4512,0.6185697153316922,186,11,3107,21.009999999999998,17.0,0,1,0.6187529747739172
White,22,2,8,491,8,18,9,50279,4512,0.6185697153316922,186,65,3438,13.01,7.0,1,0,0.8455034588777863
Unkonwn,0,0,2,6,0,0,1,50279,4512,0.6185697153316922,186,73,2683,15.01,11.0,1,0,0.6662225183211192
Unkonwn,0,0,1,2,0,0,1,50279,4512,0.6185697153316922,186,73,2683,15.01,11.0,1,0,0.6662225183211192
Unkonwn,0,0,2,25,0,0,1,50279,4512,0.6185697153316922,186,73,2683,15.01,11.0,1,0,0.6662225183211192
API,11,14,9,307,9,10,12,50279,4512,0.6185697153316922,186,13,770,11.01,10.0,0,1,0.6357856494096277
Unkonwn,1,3,1,3,0,0,1,50279,4512,0.6185697153316922,186,73,2683,15.01,11.0,1,0,0.6662225183211192
Unkonwn,0,4,1,4,0,0,1,50279,4512,0.6185697153316922,186,73,2683,15.01,11.0,1,0,0.6662225183211192
Unkonwn,1,5,4,58,0,0,1,50279,4512,0.6185697153316922,186,73,2683,15.01,11.0,1,0,0.6662225183211192
Unkonwn,3,0,1,2,0,0,1,50279,4512,0.6185697153316922,186,73,2683,15.01,11.0,1,0,0.6662225183211192
API,11,0,2,54,4,18,5,50279,4512,0.6185697153316922,186,78,2219,5.01,1.0,0,0,0.5988023952095809
API,17,0,7,87,2,28,3,50279,4512,0.6185697153316922,186,78,2219,5.01,1.0,0,0,0.5988023952095809
Unkonwn,0,57,1,13,1,2,2,50279,4512,0.6185697153316922,186,11,3107,21.009999999999998,17.0,0,1,0.6187529747739172
White,20,2,1,18,2,3,3,50279,4512,0.6185697153316922,186,78,2826,42.01,2.0,0,1,0.8569388240895025
Unkonwn,0,0,3,10,0,0,1,50279,4512,0.6185697153316922,186,73,2683,15.01,11.0,1,0,0.6662225183211192
White,0,0,2,4,0,0,1,50279,4512,0.6185697153316922,186,201,2799,13.01,4.0,1,1,0.7686395080707148
API,5,21,15,85,28,30,33,50279,4512,0.6185697153316922,186,1764,2640,9.01,0.0,0,0,0.7769145394006659
Unkonwn,0,0,1,8,1,1,2,50279,4512,0.6185697153316922,186,11,3107,21.009999999999998,17.0,0,1,0.6187529747739172
API,11,0,4,92,1,8,2,50279,4512,0.6185697153316922,186,78,2219,5.01,1.0,0,0,0.5988023952095809
API,0,0,1,48,0,0,1,50279,4512,0.6185697153316922,186,43,1936,38.01,6.0,0,1,0.6577216521967904
Unkonwn,0,0,1,1,0,0,1,50279,4512,0.6185697153316922,186,73,2683,15.01,11.0,1,0,0.6662225183211192
White,25,0,14,106,2,4,4,50279,4512,0.6185697153316922,186,65,3438,13.01,7.0,1,0,0.8455034588777863
White,0,0,2,6,1,0,2,50279,4512,0.6185697153316922,186,9,1547,20.009999999999998,1.0,0,0,0.8995502248875563
White,0,0,1,16,0,0,1,50279,4512,0.6185697153316922,186,65,3438,13.01,7.0,1,0,0.8455034588777863
API,0,0,1,17,1,1,2,50279,4512,0.6185697153316922,186,13,770,11.01,10.0,0,1,0.6357856494096277
White,0,2,1,4,0,0,1,50279,4512,0.6185697153316922,186,205,4810,0.01,0.0,0,1,0.0
White,0,1,21,206,0,0,1,50279,4512,0.6185697153316922,186,51,1325,30.009999999999998,25.0,1,0,0.4665111629456848
White,16,0,4,146,7,5,8,50279,4512,0.6185697153316922,186,23,3681,0.01,0.0,0,0,0.0
Unkonwn,0,0,1,7,0,0,1,50279,4512,0.6185697153316922,186,0,1203,0.01,0.0,0,0,0.0
White,10,0,9,312,19,30,19,50279,4512,0.6185697153316922,186,78,2826,42.01,2.0,0,1,0.8569388240895025
Unkonwn,1,0,9,316,1,4,1,50279,4512,0.6185697153316922,186,73,2683,15.01,11.0,1,0,0.6662225183211192
Unkonwn,5,0,2,337,0,11,2,50279,4512,0.6185697153316922,186,73,2683,15.01,11.0,1,0,0.6662225183211192
API,4,0,1,16,2,2,3,50279,4512,0.6185697153316922,186,78,2219,5.01,1.0,0,0,0.5988023952095809
API,1,0,4,175,0,14,2,50279,4512,0.6185697153316922,186,9,2192,0.01,0.0,0,0,0.0
White,5,2,1,10,1,1,2,50279,4512,0.6185697153316922,186,52,3669,1.01,0.0,0,0,0.9900990099009901
White,0,0,1,9,1,0,1,50279,4512,0.6185697153316922,186,78,2826,42.01,2.0,0,1,0.8569388240895025
API,0,2,1,2,0,0,1,50279,4512,0.6185697153316922,186,13,770,11.01,10.0,0,1,0.6357856494096277
White,0,0,2,40,0,0,1,50279,4512,0.6185697153316922,186,201,2799,13.01,4.0,1,1,0.7686395080707148
Unkonwn,0,0,2,12,0,0,1,50279,4512,0.6185697153316922,186,73,2683,15.01,11.0,1,0,0.6662225183211192
Unkonwn,0,0,3,319,3,3,4,50279,4512,0.6185697153316922,186,73,2683,15.01,11.0,1,0,0.6662225183211192
Unkonwn,0,0,2,83,0,0,1,50279,4512,0.6185697153316922,186,73,2683,15.01,11.0,1,0,0.6662225183211192
White,0,0,2,41,0,0,1,50279,4512,0.6185697153316922,186,65,3438,13.01,7.0,1,0,0.8455034588777863
API,31,0,3,152,5,6,6,50279,4512,0.6185697153316922,186,43,1936,38.01,6.0,0,1,0.6577216521967904
White,12,0,4,179,5,17,6,50279,4512,0.6185697153316922,186,201,2799,13.01,4.0,1,1,0.7686395080707148
White,25,0,4,79,9,10,10,50279,4512,0.6185697153316922,186,51,1325,30.009999999999998,25.0,1,0,0.4665111629456848
White,0,0,1,6,0,0,1,50279,4512,0.6185697153316922,186,51,1325,30.009999999999998,25.0,1,0,0.4665111629456848
API,0,0,1,2,0,0,1,50279,4512,0.6185697153316922,186,5,3354,4.01,4.0,0,1,0.49875311720698257
White,0,2,13,64,1,2,8,50279,4512,0.6185697153316922,186,65,3438,13.01,7.0,1,0,0.8455034588777863
White,23,5,12,542,12,30,15,50279,4512,0.6185697153316922,186,51,1325,30.009999999999998,25.0,1,0,0.4665111629456848
White,0,0,1,1,0,0,1,50279,4512,0.6185697153316922,186,65,3438,13.01,7.0,1,0,0.8455034588777863
Unkonwn,0,0,1,2,0,0,1,50279,4512,0.6185697153316922,186,73,2683,15.01,11.0,1,0,0.6662225183211192
API,0,4,1,3,0,0,1,50279,4512,0.6185697153316922,186,13,770,11.01,10.0,0,1,0.6357856494096277
White,0,0,1,4,0,0,1,50279,4512,0.6185697153316922,186,65,3438,13.01,7.0,1,0,0.8455034588777863
Unkonwn,0,0,1,16,0,0,1,50279,4512,0.6185697153316922,186,73,2683,15.01,11.0,1,0,0.6662225183211192
API,0,0,1,2,0,0,1,50279,4512,0.6185697153316922,186,43,1936,38.01,6.0,0,1,0.6577216521967904
API,4,0,2,5,0,0,1,50279,4512,0.6185697153316922,186,43,1936,38.01,6.0,0,1,0.6577216521967904
API,0,8,1,4,0,2,1,50279,4512,0.6185697153316922,186,43,1936,38.01,6.0,0,1,0.6577216521967904
Unkonwn,5,0,4,83,1,2,2,50279,4512,0.6185697153316922,186,73,2683,15.01,11.0,1,0,0.6662225183211192
White,0,0,1,43,1,0,2,50279,4512,0.6185697153316922,186,65,3438,13.01,7.0,1,0,0.8455034588777863
White,5,0,9,577,3,11,4,50279,4512,0.6185697153316922,186,65,3438,13.01,7.0,1,0,0.8455034588777863
API,0,1,1,9,0,0,1,50279,4512,0.6185697153316922,186,13,770,11.01,10.0,0,1,0.6357856494096277
White,0,0,1,12,1,0,1,50279,4512,0.6185697153316922,186,78,2826,42.01,2.0,0,1,0.8569388240895025
Unkonwn,1,0,3,136,4,7,5,50279,4512,0.6185697153316922,186,73,2683,15.01,11.0,1,0,0.6662225183211192
White,0,0,2,22,0,1,1,50279,4512,0.6185697153316922,186,63,2948,60.01,0.0,0,0,0.7665389101816364
API,8,0,1,11,1,8,3,50279,4512,0.6185697153316922,186,13,770,11.01,10.0,0,1,0.6357856494096277
White,1,18,9,329,3,1,3,50279,4512,0.6185697153316922,186,6,2795,0.01,0.0,0,0,0.0
White,8,1,1,20,1,15,1,50279,4512,0.6185697153316922,186,78,2826,42.01,2.0,0,1,0.8569388240895025
White,4,0,2,33,1,0,2,50279,4512,0.6185697153316922,186,201,2799,13.01,4.0,1,1,0.7686395080707148
White,0,0,1,10,2,3,3,50279,4512,0.6185697153316922,186,201,2799,13.01,4.0,1,1,0.7686395080707148
White,0,0,2,32,0,0,1,50279,4512,0.6185697153316922,186,65,3438,13.01,7.0,1,0,0.8455034588777863
White,0,0,2,10,0,0,2,50279,4512,0.6185697153316922,186,51,1325,30.009999999999998,25.0,1,0,0.4665111629456848
White,6,0,3,44,3,11,4,50279,4512,0.6185697153316922,186,65,3438,13.01,7.0,1,0,0.8455034588777863
White,9,0,6,94,3,8,4,50279,4512,0.6185697153316922,186,65,3438,13.01,7.0,1,0,0.8455034588777863
Unkonwn,0,2,2,4,2,0,3,50279,4512,0.6185697153316922,186,1,2158,0.01,0.0,0,1,0.0
API,1,0,6,390,5,11,7,50279,4512,0.6185697153316922,186,43,1936,38.01,6.0,0,1,0.6577216521967904
White,12,0,1,4,0,0,1,50279,4512,0.6185697153316922,186,201,2799,13.01,4.0,1,1,0.7686395080707148
API,1,0,1,3,0,0,1,50279,4512,0.6185697153316922,186,43,1936,38.01,6.0,0,1,0.6577216521967904
Hispanic,4,0,1,15,1,6,2,50279,4512,0.6185697153316922,186,3,3923,0.01,0.0,0,1,0.0
Unkonwn,2,8,2,56,3,1,4,50279,4512,0.6185697153316922,186,73,2683,15.01,11.0,1,0,0.6662225183211192
Unkonwn,0,0,1,8,0,0,1,50279,4512,0.6185697153316922,186,73,2683,15.01,11.0,1,0,0.6662225183211192
White,0,0,1,4,0,2,1,50279,4512,0.6185697153316922,186,63,2948,60.01,0.0,0,0,0.7665389101816364
API,16,0,7,407,0,30,1,50279,4512,0.6185697153316922,186,78,2219,5.01,1.0,0,0,0.5988023952095809
White,0,0,1,69,2,0,3,50279,4512,0.6185697153316922,186,65,3438,13.01,7.0,1,0,0.8455034588777863
White,0,0,1,45,0,2,1,50279,4512,0.6185697153316922,186,201,2799,13.01,4.0,1,1,0.7686395080707148
White,8,10,14,314,1,1,3,50279,4512,0.6185697153316922,186,65,3438,13.01,7.0,1,0,0.8455034588777863
Unkonwn,0,0,1,3,1,1,2,50279,4512,0.6185697153316922,186,56,3124,0.01,0.0,0,1,0.0
White,8,0,1,12,0,1,1,50279,4512,0.6185697153316922,186,201,2799,13.01,4.0,1,1,0.7686395080707148
White,0,0,1,13,0,0,1,50279,4512,0.6185697153316922,186,65,3438,13.01,7.0,1,0,0.8455034588777863
White,11,0,3,107,5,18,6,50279,4512,0.6185697153316922,186,201,2799,13.01,4.0,1,1,0.7686395080707148
API,0,1,1,14,0,0,1,50279,4512,0.6185697153316922,186,43,1936,38.01,6.0,0,1,0.6577216521967904
Unkonwn,2,5,1,3,1,2,2,50279,4512,0.6185697153316922,186,73,2683,15.01,11.0,1,0,0.6662225183211192
Unkonwn,1,2,1,13,0,0,1,50279,4512,0.6185697153316922,186,73,2683,15.01,11.0,1,0,0.6662225183211192
White,5,0,1,3,0,0,1,50279,4512,0.6185697153316922,186,63,2948,60.01,0.0,0,0,0.7665389101816364
Unkonwn,0,0,1,4,0,0,1,50279,4512,0.6185697153316922,186,73,2683,15.01,11.0,1,0,0.6662225183211192
White,0,4,1,2,0,0,1,50279,4512,0.6185697153316922,186,46,3163,70.00999999999999,0.0,0,0,0.7284673618054565
White,0,0,1,2,0,0,1,50279,4512,0.6185697153316922,186,201,2799,13.01,4.0,1,1,0.7686395080707148
Unkonwn,1,8,4,59,1,0,2,50279,4512,0.6185697153316922,186,73,2683,15.01,11.0,1,0,0.6662225183211192
White,0,0,1,3,0,0,1,50279,4512,0.6185697153316922,186,51,1325,30.009999999999998,25.0,1,0,0.4665111629456848
White,0,0,3,163,0,0,1,50279,4512,0.6185697153316922,186,65,3438,13.01,7.0,1,0,0.8455034588777863
White,29,13,9,196,3,7,4,50279,4512,0.6185697153316922,186,51,1325,30.009999999999998,25.0,1,0,0.4665111629456848
White,0,0,2,10,0,0,1,50279,4512,0.6185697153316922,186,9,1547,20.009999999999998,1.0,0,0,0.8995502248875563
White,8,0,2,110,1,6,2,50279,4512,0.6185697153316922,186,65,3438,13.01,7.0,1,0,0.8455034588777863
White,1,0,1,25,0,0,1,50279,4512,0.6185697153316922,186,201,2799,13.01,4.0,1,1,0.7686395080707148
White,83,0,2,27,3,6,7,50279,4512,0.6185697153316922,186,151,1673,4.01,3.0,1,1,0.7481296758104738
White,0,2,1,2,0,0,1,50279,4512,0.6185697153316922,186,9,2269,2.01,2.0,0,0,0.0
White,10,1,16,249,17,21,18,50279,4512,0.6185697153316922,186,9,1547,20.009999999999998,1.0,0,0,0.8995502248875563
White,0,2,1,6,0,0,1,50279,4512,0.6185697153316922,186,63,2948,60.01,0.0,0,0,0.7665389101816364
Unkonwn,0,5,1,7,0,0,1,50279,4512,0.6185697153316922,186,4,2923,3.01,0.0,0,0,0.9966777408637875
White,0,0,1,2,0,0,1,50279,4512,0.6185697153316922,186,65,3438,13.01,7.0,1,0,0.8455034588777863
API,0,0,3,25,1,2,2,50279,4512,0.6185697153316922,186,13,770,11.01,10.0,0,1,0.6357856494096277
White,0,0,2,11,0,0,2,50279,4512,0.6185697153316922,186,65,3438,13.01,7.0,1,0,0.8455034588777863
White,0,0,1,4,0,0,2,50279,4512,0.6185697153316922,186,81,2779,0.01,0.0,0,1,0.0
White,0,0,1,24,1,3,2,50279,4512,0.6185697153316922,186,9,1547,20.009999999999998,1.0,0,0,0.8995502248875563
API,0,0,5,28,2,5,3,50279,4512,0.6185697153316922,186,43,1936,38.01,6.0,0,1,0.6577216521967904
White,7,0,4,90,3,4,4,50279,4512,0.6185697153316922,186,51,1325,30.009999999999998,25.0,1,0,0.4665111629456848
White,0,2,5,88,5,1,5,50279,4512,0.6185697153316922,186,78,2826,42.01,2.0,0,1,0.8569388240895025
White,1,0,4,20,1,0,2,50279,4512,0.6185697153316922,186,9,1547,20.009999999999998,1.0,0,0,0.8995502248875563
White,0,0,1,5,0,0,1,50279,4512,0.6185697153316922,186,65,3438,13.01,7.0,1,0,0.8455034588777863
API,10,2,2,42,0,2,1,50279,4512,0.6185697153316922,186,156,1953,35.01,0.0,0,1,0.8283347614967153
API,5,6,1,6,1,0,2,50279,4512,0.6185697153316922,186,13,770,11.01,10.0,0,1,0.6357856494096277
API,2,2,1,56,3,10,4,50279,4512,0.6185697153316922,186,13,770,11.01,10.0,0,1,0.6357856494096277
White,26,6,11,482,16,17,17,50279,4512,0.6185697153316922,186,201,2799,13.01,4.0,1,1,0.7686395080707148
White,7,0,4,129,3,6,4,50279,4512,0.6185697153316922,186,65,3438,13.01,7.0,1,0,0.8455034588777863
Unkonwn,7,0,3,40,0,18,1,50279,4512,0.6185697153316922,186,73,2683,15.01,11.0,1,0,0.6662225183211192
Unkonwn,6,0,1,4,2,12,3,50279,4512,0.6185697153316922,186,73,2683,15.01,11.0,1,0,0.6662225183211192
API,0,0,1,97,0,0,1,50279,4512,0.6185697153316922,186,13,770,11.01,10.0,0,1,0.6357856494096277
White,0,0,1,2,0,0,1,50279,4512,0.6185697153316922,186,9,3610,5.01,0.0,0,0,0.9980039920159681
API,0,0,1,9,0,0,1,50279,4512,0.6185697153316922,186,43,1936,38.01,6.0,0,1,0.6577216521967904
Unkonwn,0,0,1,21,0,3,1,50279,4512,0.6185697153316922,186,45,2873,0.01,0.0,0,1,0.0
White,1,0,2,102,1,3,2,50279,4512,0.6185697153316922,186,51,1325,30.009999999999998,25.0,1,0,0.4665111629456848
Unkonwn,0,0,122,3438,0,2,75,50279,4512,0.6185697153316922,186,73,2683,15.01,11.0,1,0,0.6662225183211192
Unkonwn,0,0,24,475,0,9,19,50279,4512,0.6185697153316922,186,73,2683,15.01,11.0,1,0,0.6662225183211192
White,0,0,1,3,0,0,1,50279,4512,0.6185697153316922,186,65,3438,13.01,7.0,1,0,0.8455034588777863
Hispanic,20,0,6,407,23,29,25,50279,4512,0.6185697153316922,186,3,3923,0.01,0.0,0,1,0.0
White,1,1,6,501,1,11,1,50279,4512,0.6185697153316922,186,78,2826,42.01,2.0,0,1,0.8569388240895025
Unkonwn,0,1,2,33,0,0,1,50279,4512,0.6185697153316922,186,73,2683,15.01,11.0,1,0,0.6662225183211192
Unkonwn,8,0,2,46,1,3,2,50279,4512,0.6185697153316922,186,73,2683,15.01,11.0,1,0,0.6662225183211192
White,0,0,2,11,0,0,1,50279,4512,0.6185697153316922,186,63,2948,60.01,0.0,0,0,0.7665389101816364
Unkonwn,0,1,1,2,0,0,1,50279,4512,0.6185697153316922,186,73,2683,15.01,11.0,1,0,0.6662225183211192
API,42,0,18,164,5,30,5,50279,4512,0.6185697153316922,186,43,1936,38.01,6.0,0,1,0.6577216521967904
Unkonwn,21,2,10,608,15,29,16,50279,4512,0.6185697153316922,186,0,306,0.01,0.0,0,0,0.0
API,3,1,1,36,1,2,2,50279,4512,0.6185697153316922,186,13,770,11.01,10.0,0,1,0.6357856494096277
Unkonwn,1,2,2,43,0,5,1,50279,4512,0.6185697153316922,186,45,2873,0.01,0.0,0,1,0.0
White,0,2,5,164,3,6,4,50279,4512,0.6185697153316922,186,78,2826,42.01,2.0,0,1,0.8569388240895025
API,0,0,1,6,0,4,1,50279,4512,0.6185697153316922,186,13,770,11.01,10.0,0,1,0.6357856494096277
White,0,3,1,2,0,0,1,50279,4512,0.6185697153316922,186,0,1944,0.01,0.0,0,0,0.0
White,4,0,1,3,0,0,1,50279,4512,0.6185697153316922,186,201,2799,13.01,4.0,1,1,0.7686395080707148
White,0,0,5,36,1,1,2,50279,4512,0.6185697153316922,186,65,3438,13.01,7.0,1,0,0.8455034588777863
Unkonwn,0,0,1,4,0,0,1,50279,4512,0.6185697153316922,186,73,2683,15.01,11.0,1,0,0.6662225183211192
Unkonwn,6,1,3,89,2,3,3,50279,4512,0.6185697153316922,186,73,2683,15.01,11.0,1,0,0.6662225183211192
White,3,3,2,17,1,1,2,50279,4512,0.6185697153316922,186,51,1325,30.009999999999998,25.0,1,0,0.4665111629456848
White,0,0,1,55,2,8,2,50279,4512,0.6185697153316922,186,78,2826,42.01,2.0,0,1,0.8569388240895025
Unkonwn,0,1,2,6,0,0,1,50279,4512,0.6185697153316922,186,73,2683,15.01,11.0,1,0,0.6662225183211192
White,0,0,1,2,0,0,1,50279,4512,0.6185697153316922,186,39,3764,1.01,0.0,0,1,0.9900990099009901
White,0,0,1,4,0,0,1,50279,4512,0.6185697153316922,186,0,3014,1.01,0.0,0,1,0.9900990099009901
API,6,0,2,6,0,0,1,50279,4512,0.6185697153316922,186,9,2192,0.01,0.0,0,0,0.0
API,3,0,1,11,0,3,1,50279,4512,0.6185697153316922,186,13,770,11.01,10.0,0,1,0.6357856494096277
Unkonwn,6,0,1,25,0,6,1,50279,4512,0.6185697153316922,186,45,2873,0.01,0.0,0,1,0.0
White,2,0,2,4,0,0,1,50279,4512,0.6185697153316922,186,65,3438,13.01,7.0,1,0,0.8455034588777863
Unkonwn,28,3,11,354,1,25,2,50279,4512,0.6185697153316922,186,16,2182,9.01,5.0,0,1,0.7769145394006659
API,4,0,2,25,1,10,2,50279,4512,0.6185697153316922,186,13,770,11.01,10.0,0,1,0.6357856494096277
Unkonwn,0,64,4,14,1,1,2,50279,4512,0.6185697153316922,186,26,2715,20.009999999999998,0.0,0,0,0.44977511244377816
Unkonwn,0,0,1,4,0,1,1,50279,4512,0.6185697153316922,186,26,2715,20.009999999999998,0.0,0,0,0.44977511244377816
Unkonwn,0,0,2,7,0,0,1,50279,4512,0.6185697153316922,186,45,2873,0.01,0.0,0,1,0.0
API,0,0,2,6,0,0,1,50279,4512,0.6185697153316922,186,43,1936,38.01,6.0,0,1,0.6577216521967904
White,0,0,3,11,0,0,1,50279,4512,0.6185697153316922,186,65,3438,13.01,7.0,1,0,0.8455034588777863
White,0,0,1,10,0,0,1,50279,4512,0.6185697153316922,186,97,3992,100.00999999999999,0.0,0,0,0.9599040095990402
Unkonwn,0,2,1,26,0,0,1,50279,4512,0.6185697153316922,186,73,2683,15.01,11.0,1,0,0.6662225183211192
Unkonwn,47,0,1,2,0,0,1,50279,4512,0.6185697153316922,186,3,2341,2.01,0.0,0,0,0.9950248756218907
Unkonwn,0,10,1,12,0,0,1,50279,4512,0.6185697153316922,186,73,2683,15.01,11.0,1,0,0.6662225183211192
White,3,0,3,82,0,13,1,50279,4512,0.6185697153316922,186,2,2481,2.01,2.0,0,0,0.9950248756218907
Unkonwn,0,0,1,5,1,2,2,50279,4512,0.6185697153316922,186,73,2683,15.01,11.0,1,0,0.6662225183211192
White,0,0,2,31,0,0,1,50279,4512,0.6185697153316922,186,51,1325,30.009999999999998,25.0,1,0,0.4665111629456848
API,11,0,5,115,5,10,6,50279,4512,0.6185697153316922,186,13,770,11.01,10.0,0,1,0.6357856494096277
White,5,0,4,54,1,1,2,50279,4512,0.6185697153316922,186,65,3438,13.01,7.0,1,0,0.8455034588777863
White,5,0,12,530,0,7,2,50279,4512,0.6185697153316922,186,65,3438,13.01,7.0,1,0,0.8455034588777863
API,0,0,1,3,0,3,1,50279,4512,0.6185697153316922,186,13,770,11.01,10.0,0,1,0.6357856494096277
Unkonwn,0,0,1,3,0,0,1,50279,4512,0.6185697153316922,186,73,2683,15.01,11.0,1,0,0.6662225183211192
Unkonwn,0,2,3,43,1,0,2,50279,4512,0.6185697153316922,186,73,2683,15.01,11.0,1,0,0.6662225183211192
Unkonwn,0,0,5,141,0,3,1,50279,4512,0.6185697153316922,186,73,2683,15.01,11.0,1,0,0.6662225183211192
Unkonwn,0,3,5,60,3,8,4,50279,4512,0.6185697153316922,186,73,2683,15.01,11.0,1,0,0.6662225183211192
Unkonwn,0,0,2,51,0,4,1,50279,4512,0.6185697153316922,186,73,2683,15.01,11.0,1,0,0.6662225183211192
White,0,0,2,16,1,0,2,50279,4512,0.6185697153316922,186,4,2640,52.01,0.0,0,0,0.8844452989809652
White,0,0,1,18,0,0,2,50279,4512,0.6185697153316922,186,65,3438,13.01,7.0,1,0,0.8455034588777863
White,11,0,6,88,2,8,3,50279,4512,0.6185697153316922,186,65,3438,13.01,7.0,1,0,0.8455034588777863
White,11,0,9,185,13,10,14,50279,4512,0.6185697153316922,186,9,1547,20.009999999999998,1.0,0,0,0.8995502248875563
Unkonwn,0,1,2,14,0,0,1,50279,4512,0.6185697153316922,186,73,2683,15.01,11.0,1,0,0.6662225183211192
White,0,0,1,8,0,0,1,50279,4512,0.6185697153316922,186,65,3438,13.01,7.0,1,0,0.8455034588777863
White,0,0,1,4,0,0,1,50279,4512,0.6185697153316922,186,20,4080,6.01,0.0,0,0,0.9983361064891847
API,6,0,1,4,0,0,1,50279,4512,0.6185697153316922,186,13,770,11.01,10.0,0,1,0.6357856494096277
Unkonwn,0,0,3,25,0,0,1,50279,4512,0.6185697153316922,186,45,2873,0.01,0.0,0,1,0.0
White,4,0,2,44,0,6,1,50279,4512,0.6185697153316922,186,63,3575,0.01,0.0,0,1,0.0
API,0,0,2,13,2,2,3,50279,4512,0.6185697153316922,186,43,1936,38.01,6.0,0,1,0.6577216521967904
Unkonwn,0,1,2,42,1,0,2,50279,4512,0.6185697153316922,186,73,2683,15.01,11.0,1,0,0.6662225183211192
API,0,0,1,4,0,0,1,50279,4512,0.6185697153316922,186,43,1936,38.01,6.0,0,1,0.6577216521967904
White,102,2,4,754,14,16,15,50279,4512,0.6185697153316922,186,28,4194,11.01,1.0,0,1,0.9082652134423251
Unkonwn,0,2,1,11,5,3,6,50279,4512,0.6185697153316922,186,4,2298,0.01,0.0,0,1,0.0
Unkonwn,0,0,1,11,0,2,1,50279,4512,0.6185697153316922,186,45,2873,0.01,0.0,0,1,0.0
Unkonwn,0,5,1,4,0,0,1,50279,4512,0.6185697153316922,186,73,2683,15.01,11.0,1,0,0.6662225183211192
Unkonwn,0,0,2,7,0,0,1,50279,4512,0.6185697153316922,186,73,2683,15.01,11.0,1,0,0.6662225183211192
Unkonwn,0,0,1,6,0,0,1,50279,4512,0.6185697153316922,186,45,2873,0.01,0.0,0,1,0.0
White,0,0,3,75,1,2,2,50279,4512,0.6185697153316922,186,63,2948,60.01,0.0,0,0,0.7665389101816364
White,0,0,2,17,0,0,1,50279,4512,0.6185697153316922,186,65,3438,13.01,7.0,1,0,0.8455034588777863
API,0,0,1,54,0,0,1,50279,4512,0.6185697153316922,186,13,770,11.01,10.0,0,1,0.6357856494096277
Unkonwn,0,0,3,22,4,11,5,50279,4512,0.6185697153316922,186,16,1019,34.01,2.0,0,1,0.8232872684504557
White,3,1,1,96,0,10,1,50279,4512,0.6185697153316922,186,2,2481,2.01,2.0,0,0,0.9950248756218907
Unkonwn,0,0,1,2,1,0,1,50279,4512,0.6185697153316922,186,73,2683,15.01,11.0,1,0,0.6662225183211192
Unkonwn,0,1,1,6,0,0,1,50279,4512,0.6185697153316922,186,73,2683,15.01,11.0,1,0,0.6662225183211192
API,1,1,2,95,1,4,2,50279,4512,0.6185697153316922,186,43,1936,38.01,6.0,0,1,0.6577216521967904
Unkonwn,0,2,4,16,0,1,2,50279,4512,0.6185697153316922,186,45,2873,0.01,0.0,0,1,0.0
API,0,4,2,10,0,0,1,50279,4512,0.6185697153316922,186,3,3274,0.01,0.0,0,0,0.0
White,0,1,1,7,0,0,1,50279,4512,0.6185697153316922,186,63,2948,60.01,0.0,0,0,0.7665389101816364
Unkonwn,51,28,51,2559,4,12,7,50279,4512,0.6185697153316922,186,73,2683,15.01,11.0,1,0,0.6662225183211192
API,3,0,2,7,2,2,2,50279,4512,0.6185697153316922,186,1,2216,0.01,0.0,0,1,0.0
API,3,0,5,52,0,0,2,50279,4512,0.6185697153316922,186,13,770,11.01,10.0,0,1,0.6357856494096277
Unkonwn,0,0,2,16,0,0,1,50279,4512,0.6185697153316922,186,73,2683,15.01,11.0,1,0,0.6662225183211192
Unkonwn,0,1,5,47,1,3,2,50279,4512,0.6185697153316922,186,45,2873,0.01,0.0,0,1,0.0
Unkonwn,0,0,1,1,0,0,1,50279,4512,0.6185697153316922,186,45,2873,0.01,0.0,0,1,0.0
API,0,0,1,1,0,0,1,50279,4512,0.6185697153316922,186,13,770,11.01,10.0,0,1,0.6357856494096277
API,9,0,5,209,1,18,2,50279,4512,0.6185697153316922,186,78,2219,5.01,1.0,0,0,0.5988023952095809
Unkonwn,0,0,1,1,0,0,1,50279,4512,0.6185697153316922,186,73,2683,15.01,11.0,1,0,0.6662225183211192
Unkonwn,0,0,1,16,0,0,1,50279,4512,0.6185697153316922,186,73,2683,15.01,11.0,1,0,0.6662225183211192
Unkonwn,0,9,1,2,0,0,1,50279,4512,0.6185697153316922,186,9,3020,0.01,0.0,0,1,0.0
Unkonwn,0,9,1,2,0,0,1,50279,4512,0.6185697153316922,186,9,3020,0.01,0.0,0,1,0.0
Unkonwn,0,18,5,12,2,0,6,50279,4512,0.6185697153316922,186,9,3020,0.01,0.0,0,1,0.0
Unkonwn,9,0,8,46,1,3,2,50279,4512,0.6185697153316922,186,73,2683,15.01,11.0,1,0,0.6662225183211192
API,0,0,1,1,0,0,1,50279,4512,0.6185697153316922,186,43,1936,38.01,6.0,0,1,0.6577216521967904
Unkonwn,0,0,1,4,0,0,1,50279,4512,0.6185697153316922,186,73,2683,15.01,11.0,1,0,0.6662225183211192
Unkonwn,0,0,1,3,0,0,1,50279,4512,0.6185697153316922,186,73,2683,15.01,11.0,1,0,0.6662225183211192
Unkonwn,0,0,36,1082,2,0,31,50279,4512,0.6185697153316922,186,73,2683,15.01,11.0,1,0,0.6662225183211192
Unkonwn,0,0,80,860,1,2,2,50279,4512,0.6185697153316922,186,73,2683,15.01,11.0,1,0,0.6662225183211192
White,0,0,1,2,0,0,1,50279,4512,0.6185697153316922,186,65,3438,13.01,7.0,1,0,0.8455034588777863
Unkonwn,0,0,1,2,0,0,1,50279,4512,0.6185697153316922,186,73,2683,15.01,11.0,1,0,0.6662225183211192
White,0,0,1,2,0,0,1,50279,4512,0.6185697153316922,186,65,3438,13.01,7.0,1,0,0.8455034588777863
White,0,0,3,27,1,3,1,50279,4512,0.6185697153316922,186,65,3438,13.01,7.0,1,0,0.8455034588777863
White,0,0,3,62,1,2,6,50279,4512,0.6185697153316922,186,1,2655,0.01,0.0,0,0,0.0
API,0,0,2,41,0,4,1,50279,4512,0.6185697153316922,186,78,2219,5.01,1.0,0,0,0.5988023952095809
White,0,0,6,49,1,2,2,50279,4512,0.6185697153316922,186,65,3438,13.01,7.0,1,0,0.8455034588777863
API,0,8,6,90,2,14,2,50279,4512,0.6185697153316922,186,43,1936,38.01,6.0,0,1,0.6577216521967904
White,0,0,1,3,0,0,1,50279,4512,0.6185697153316922,186,65,3438,13.01,7.0,1,0,0.8455034588777863
Unkonwn,0,0,1,18,0,0,1,50279,4512,0.6185697153316922,186,73,2683,15.01,11.0,1,0,0.6662225183211192
API,0,0,2,13,1,0,2,50279,4512,0.6185697153316922,186,78,2219,5.01,1.0,0,0,0.5988023952095809
White,0,0,1,5,0,0,1,50279,4512,0.6185697153316922,186,65,3438,13.01,7.0,1,0,0.8455034588777863
Unkonwn,0,0,1,84,1,0,2,50279,4512,0.6185697153316922,186,73,2683,15.01,11.0,1,0,0.6662225183211192
Unkonwn,0,0,1,2,0,0,1,50279,4512,0.6185697153316922,186,73,2683,15.01,11.0,1,0,0.6662225183211192
White,0,0,1,43,0,0,1,50279,4512,0.6185697153316922,186,65,3438,13.01,7.0,1,0,0.8455034588777863
White,0,0,1,2,0,0,1,50279,4512,0.6185697153316922,186,39,3764,1.01,0.0,0,1,0.9900990099009901
Unkonwn,0,0,1,8,0,0,1,50279,4512,0.6185697153316922,186,73,2683,15.01,11.0,1,0,0.6662225183211192
Unkonwn,0,3,7,152,1,1,2,50279,4512,0.6185697153316922,186,73,2683,15.01,11.0,1,0,0.6662225183211192
Unkonwn,0,0,1,2,0,0,1,50279,4512,0.6185697153316922,186,73,2683,15.01,11.0,1,0,0.6662225183211192
White,7,0,7,123,1,8,2,50279,4512,0.6185697153316922,186,58,3199,18.009999999999998,0.0,0,0,0.9994447529150473
White,0,0,1,2,0,0,1,50279,4512,0.6185697153316922,186,65,3438,13.01,7.0,1,0,0.8455034588777863
White,0,0,1,2,0,0,1,50279,4512,0.6185697153316922,186,65,3438,13.01,7.0,1,0,0.8455034588777863
White,0,0,1,5,0,0,1,50279,4512,0.6185697153316922,186,4,2754,12.01,0.0,0,0,0.9991673605328892
Unkonwn,2,3,7,289,0,2,6,50279,4512,0.6185697153316922,186,73,2683,15.01,11.0,1,0,0.6662225183211192
Unkonwn,2,1,10,169,1,11,2,50279,4512,0.6185697153316922,186,73,2683,15.01,11.0,1,0,0.6662225183211192
Unkonwn,2,4,3,106,0,2,1,50279,4512,0.6185697153316922,186,73,2683,15.01,11.0,1,0,0.6662225183211192
White,0,0,1,4,0,0,1,50279,4512,0.6185697153316922,186,65,3438,13.01,7.0,1,0,0.8455034588777863
Unkonwn,0,3,63,2339,0,2,72,50279,4512,0.6185697153316922,186,73,2683,15.01,11.0,1,0,0.6662225183211192
Unkonwn,0,0,4,65,0,0,1,50279,4512,0.6185697153316922,186,73,2683,15.01,11.0,1,0,0.6662225183211192
Unkonwn,0,0,1,53,0,0,1,50279,4512,0.6185697153316922,186,73,2683,15.01,11.0,1,0,0.6662225183211192
API,19,3,13,327,9,27,9,50279,4512,0.6185697153316922,186,43,1936,38.01,6.0,0,1,0.6577216521967904
API,0,0,1,2,0,0,1,50279,4512,0.6185697153316922,186,43,1936,38.01,6.0,0,1,0.6577216521967904
API,0,0,1,5,1,0,1,50279,4512,0.6185697153316922,186,43,1936,38.01,6.0,0,1,0.6577216521967904
White,0,0,1,4,0,0,1,50279,4512,0.6185697153316922,186,65,3438,13.01,7.0,1,0,0.8455034588777863
Unkonwn,3,0,2,59,0,2,1,50279,4512,0.6185697153316922,186,0,1203,0.01,0.0,0,0,0.0
White,0,1,3,10,0,0,1,50279,4512,0.6185697153316922,186,65,3438,13.01,7.0,1,0,0.8455034588777863
API,0,0,1,7,0,0,1,50279,4512,0.6185697153316922,186,13,770,11.01,10.0,0,1,0.6357856494096277
API,0,0,1,4,0,0,1,50279,4512,0.6185697153316922,186,13,770,11.01,10.0,0,1,0.6357856494096277
Unkonwn,2,3,6,98,0,0,1,50279,4512,0.6185697153316922,186,73,2683,15.01,11.0,1,0,0.6662225183211192
Unkonwn,2,0,3,12,1,1,2,50279,4512,0.6185697153316922,186,0,1203,0.01,0.0,0,0,0.0
Unkonwn,0,0,1,4,0,0,2,50279,4512,0.6185697153316922,186,11,3107,21.009999999999998,17.0,0,1,0.6187529747739172
Unkonwn,0,0,1,2,0,0,1,50279,4512,0.6185697153316922,186,9,3384,10.01,0.0,0,1,0.999000999000999
API,0,0,1,2,1,1,1,50279,4512,0.6185697153316922,186,43,1936,38.01,6.0,0,1,0.6577216521967904
White,0,0,1,2,0,0,1,50279,4512,0.6185697153316922,186,51,1325,30.009999999999998,25.0,1,0,0.4665111629456848
API,1,0,4,38,1,3,2,50279,4512,0.6185697153316922,186,78,2219,5.01,1.0,0,0,0.5988023952095809
Unkonwn,0,0,1,3,0,0,1,50279,4512,0.6185697153316922,186,73,2683,15.01,11.0,1,0,0.6662225183211192
API,0,0,1,3,0,0,1,50279,4512,0.6185697153316922,186,13,770,11.01,10.0,0,1,0.6357856494096277
Unkonwn,0,0,1,6,0,0,1,50279,4512,0.6185697153316922,186,73,2683,15.01,11.0,1,0,0.6662225183211192
White,0,0,6,83,0,0,1,50279,4512,0.6185697153316922,186,65,3438,13.01,7.0,1,0,0.8455034588777863
White,0,0,2,31,0,0,1,50279,4512,0.6185697153316922,186,65,3438,13.01,7.0,1,0,0.8455034588777863
White,0,0,13,1350,0,0,3,50279,4512,0.6185697153316922,186,98,3919,13.01,0.0,0,1,0.9992313604919293
White,33,0,7,260,3,8,4,50279,4512,0.6185697153316922,186,1,2665,0.01,0.0,0,1,0.0
API,6,0,2,4,0,2,1,50279,4512,0.6185697153316922,186,13,770,11.01,10.0,0,1,0.6357856494096277
Unkonwn,0,0,2,4,0,0,1,50279,4512,0.6185697153316922,186,1,1261,0.01,0.0,0,1,0.0
White,0,0,1,7,0,0,1,50279,4512,0.6185697153316922,186,65,3438,13.01,7.0,1,0,0.8455034588777863
Unkonwn,0,0,1,2,0,0,1,50279,4512,0.6185697153316922,186,45,2873,0.01,0.0,0,1,0.0
White,16,1,8,369,0,7,2,50279,4512,0.6185697153316922,186,1,2665,0.01,0.0,0,1,0.0
White,0,0,1,6,0,0,1,50279,4512,0.6185697153316922,186,201,2799,13.01,4.0,1,1,0.7686395080707148
Unkonwn,0,1,1,2,0,0,1,50279,4512,0.6185697153316922,186,9,3020,0.01,0.0,0,1,0.0
White,0,0,1,2,0,0,1,50279,4512,0.6185697153316922,186,99,3866,0.01,0.0,0,0,0.0
Unkonwn,0,0,1,28,0,2,1,50279,4512,0.6185697153316922,186,73,2683,15.01,11.0,1,0,0.6662225183211192
White,3,0,9,102,1,2,2,50279,4512,0.6185697153316922,186,51,1325,30.009999999999998,25.0,1,0,0.4665111629456848
API,2,0,5,37,1,3,2,50279,4512,0.6185697153316922,186,78,2219,5.01,1.0,0,0,0.5988023952095809
API,0,0,1,1,0,0,1,50279,4512,0.6185697153316922,186,13,770,11.01,10.0,0,1,0.6357856494096277
API,4,0,1,18,1,4,2,50279,4512,0.6185697153316922,186,43,1936,38.01,6.0,0,1,0.6577216521967904
White,3,1,5,60,0,2,1,50279,4512,0.6185697153316922,186,78,3317,56.01,0.0,0,1,0.8569898232458489
White,0,0,1,8,0,0,1,50279,4512,0.6185697153316922,186,0,1133,0.01,0.0,0,0,0.0
White,0,1,1,24,1,0,2,50279,4512,0.6185697153316922,186,0,1133,0.01,0.0,0,0,0.0
White,3,1,47,3103,4,3,4,50279,4512,0.6185697153316922,186,98,3919,13.01,0.0,0,1,0.9992313604919293
Unkonwn,0,2,1,4,0,0,1,50279,4512,0.6185697153316922,186,73,2683,15.01,11.0,1,0,0.6662225183211192
White,0,24,10,2181,3,0,4,50279,4512,0.6185697153316922,186,78,2826,42.01,2.0,0,1,0.8569388240895025
White,0,0,1,4,0,0,1,50279,4512,0.6185697153316922,186,65,3438,13.01,7.0,1,0,0.8455034588777863
White,4,0,5,78,2,7,3,50279,4512,0.6185697153316922,186,78,3317,56.01,0.0,0,1,0.8569898232458489
White,3,4,1,5,0,3,1,50279,4512,0.6185697153316922,186,3,1334,0.01,0.0,0,1,0.0
Unkonwn,0,1,1,13,0,0,1,50279,4512,0.6185697153316922,186,73,2683,15.01,11.0,1,0,0.6662225183211192
White,0,13,2,4,3,0,4,50279,4512,0.6185697153316922,186,2,1974,0.01,0.0,0,1,0.0
Unkonwn,0,0,1,1,0,0,1,50279,4512,0.6185697153316922,186,45,2873,0.01,0.0,0,1,0.0
Unkonwn,7,0,5,317,1,8,2,50279,4512,0.6185697153316922,186,73,2683,15.01,11.0,1,0,0.6662225183211192
Unkonwn,0,1,2,24,0,0,1,50279,4512,0.6185697153316922,186,73,2683,15.01,11.0,1,0,0.6662225183211192
White,0,0,1,54,2,1,3,50279,4512,0.6185697153316922,186,65,3438,13.01,7.0,1,0,0.8455034588777863
API,10,0,1,28,0,3,1,50279,4512,0.6185697153316922,186,13,770,11.01,10.0,0,1,0.6357856494096277
White,0,0,1,5,0,0,1,50279,4512,0.6185697153316922,186,65,3438,13.01,7.0,1,0,0.8455034588777863
White,3,8,4,91,2,2,3,50279,4512,0.6185697153316922,186,9,1547,20.009999999999998,1.0,0,0,0.8995502248875563
White,0,0,4,54,2,4,3,50279,4512,0.6185697153316922,186,65,3438,13.01,7.0,1,0,0.8455034588777863
Unkonwn,0,0,1,4,0,0,1,50279,4512,0.6185697153316922,186,73,2683,15.01,11.0,1,0,0.6662225183211192
White,0,0,2,9,0,0,1,50279,4512,0.6185697153316922,186,65,3438,13.01,7.0,1,0,0.8455034588777863
Unkonwn,0,0,3,72,0,2,1,50279,4512,0.6185697153316922,186,73,2683,15.01,11.0,1,0,0.6662225183211192
White,2,0,1,3,0,2,1,50279,4512,0.6185697153316922,186,3,1334,0.01,0.0,0,1,0.0
White,0,0,1,2,0,0,1,50279,4512,0.6185697153316922,186,151,1673,4.01,3.0,1,1,0.7481296758104738
API,3,2,1,1,1,0,1,50279,4512,0.6185697153316922,186,13,770,11.01,10.0,0,1,0.6357856494096277
White,5,46,3,28,1,1,2,50279,4512,0.6185697153316922,186,3,1995,13.01,0.0,0,0,0.8455034588777863
Unkonwn,0,0,1,22,0,0,1,50279,4512,0.6185697153316922,186,73,2683,15.01,11.0,1,0,0.6662225183211192
Unkonwn,0,0,1,9,0,0,1,50279,4512,0.6185697153316922,186,73,2683,15.01,11.0,1,0,0.6662225183211192
API,0,0,1,2,1,0,2,50279,4512,0.6185697153316922,186,45,2595,3.01,0.0,0,1,0.0
Unkonwn,0,0,1,3,0,0,1,50279,4512,0.6185697153316922,186,73,2683,15.01,11.0,1,0,0.6662225183211192
White,0,0,1,49,0,0,1,50279,4512,0.6185697153316922,186,65,3438,13.01,7.0,1,0,0.8455034588777863
Unkonwn,0,0,2,4,0,0,1,50279,4512,0.6185697153316922,186,73,2683,15.01,11.0,1,0,0.6662225183211192
White,0,0,1,2,0,0,1,50279,4512,0.6185697153316922,186,404,4100,39.01,0.0,0,0,0.6408613176108691
White,0,0,1,1,0,0,1,50279,4512,0.6185697153316922,186,51,1325,30.009999999999998,25.0,1,0,0.4665111629456848
Unkonwn,0,0,1,3,1,1,2,50279,4512,0.6185697153316922,186,45,2873,0.01,0.0,0,1,0.0
Unkonwn,0,0,1,12,0,3,1,50279,4512,0.6185697153316922,186,45,2873,0.01,0.0,0,1,0.0
White,0,0,1,1,0,0,1,50279,4512,0.6185697153316922,186,151,1673,4.01,3.0,1,1,0.7481296758104738
Unkonwn,1,0,65,1812,0,0,56,50279,4512,0.6185697153316922,186,73,2683,15.01,11.0,1,0,0.6662225183211192
White,3,0,8,139,5,5,6,50279,4512,0.6185697153316922,186,9,1547,20.009999999999998,1.0,0,0,0.8995502248875563
Unkonwn,0,0,1,6,0,1,1,50279,4512,0.6185697153316922,186,73,2683,15.01,11.0,1,0,0.6662225183211192
White,0,1,2,20,1,0,2,50279,4512,0.6185697153316922,186,56,3958,33.01,0.0,0,0,0.9391093607997577
API,0,3,4,82,0,1,1,50279,4512,0.6185697153316922,186,13,770,11.01,10.0,0,1,0.6357856494096277
White,0,0,1,1,0,0,1,50279,4512,0.6185697153316922,186,201,2799,13.01,4.0,1,1,0.7686395080707148
Unkonwn,21,48,6,214,0,0,1,50279,4512,0.6185697153316922,186,0,1203,0.01,0.0,0,0,0.0
Unkonwn,0,0,1,2,0,0,1,50279,4512,0.6185697153316922,186,73,2683,15.01,11.0,1,0,0.6662225183211192
Unkonwn,0,0,1,11,0,0,1,50279,4512,0.6185697153316922,186,73,2683,15.01,11.0,1,0,0.6662225183211192
Unkonwn,0,0,1,2,0,0,1,50279,4512,0.6185697153316922,186,45,2873,0.01,0.0,0,1,0.0
Unkonwn,0,0,2,10,0,0,1,50279,4512,0.6185697153316922,186,73,2683,15.01,11.0,1,0,0.6662225183211192
Unkonwn,0,0,2,18,0,0,1,50279,4512,0.6185697153316922,186,73,2683,15.01,11.0,1,0,0.6662225183211192
Unkonwn,0,0,1,1,0,0,1,50279,4512,0.6185697153316922,186,73,2683,15.01,11.0,1,0,0.6662225183211192
White,9,0,2,38,0,0,2,50279,4512,0.6185697153316922,186,54,4873,1.01,0.0,0,1,0.9900990099009901
Unkonwn,0,17,6,45,2,0,3,50279,4512,0.6185697153316922,186,32,2919,0.01,0.0,0,0,0.0
Unkonwn,0,0,1,2,1,0,1,50279,4512,0.6185697153316922,186,32,2919,0.01,0.0,0,0,0.0
Unkonwn,0,0,1,2,0,0,1,50279,4512,0.6185697153316922,186,11,3107,21.009999999999998,17.0,0,1,0.6187529747739172
White,203,1,9,387,21,28,23,50279,4512,0.6185697153316922,186,78,2826,42.01,2.0,0,1,0.8569388240895025
API,2,0,2,42,0,2,1,50279,4512,0.6185697153316922,186,78,2219,5.01,1.0,0,0,0.5988023952095809
API,1,0,1,96,1,5,2,50279,4512,0.6185697153316922,186,11,1784,0.01,0.0,0,1,0.0
Unkonwn,12,0,1,2,0,0,1,50279,4512,0.6185697153316922,186,45,2873,0.01,0.0,0,1,0.0
Unkonwn,7,0,1,2,0,0,1,50279,4512,0.6185697153316922,186,45,2873,0.01,0.0,0,1,0.0
Unkonwn,0,4,5,94,1,2,2,50279,4512,0.6185697153316922,186,73,2683,15.01,11.0,1,0,0.6662225183211192
Unkonwn,1,0,5,14,0,0,1,50279,4512,0.6185697153316922,186,73,2683,15.01,11.0,1,0,0.6662225183211192
Unkonwn,8,0,6,23,0,0,2,50279,4512,0.6185697153316922,186,45,2873,0.01,0.0,0,1,0.0
Unkonwn,3,0,4,62,0,3,1,50279,4512,0.6185697153316922,186,73,2683,15.01,11.0,1,0,0.6662225183211192
Unkonwn,4,0,1,56,1,0,2,50279,4512,0.6185697153316922,186,73,2683,15.01,11.0,1,0,0.6662225183211192
White,2,8,1,24,0,6,1,50279,4512,0.6185697153316922,186,2,2938,2.01,0.0,0,0,0.49751243781094534
White,0,12,5,97,4,3,5,50279,4512,0.6185697153316922,186,201,2799,13.01,4.0,1,1,0.7686395080707148
API,4,2,1,2,0,0,1,50279,4512,0.6185697153316922,186,125,3007,1.01,0.0,0,0,0.0
White,4,3,1,4,0,0,1,50279,4512,0.6185697153316922,186,65,3438,13.01,7.0,1,0,0.8455034588777863
White,7,0,3,218,1,2,3,50279,4512,0.6185697153316922,186,65,3438,13.01,7.0,1,0,0.8455034588777863
White,4,3,1,18,0,0,1,50279,4512,0.6185697153316922,186,114,3114,36.01,0.0,0,0,0.22216051096917525
API,14,0,1,58,0,10,1,50279,4512,0.6185697153316922,186,78,2219,5.01,1.0,0,0,0.5988023952095809
API,17,11,3,60,1,14,2,50279,4512,0.6185697153316922,186,1,2471,0.01,0.0,0,0,0.0
API,7,7,1,4,0,0,1,50279,4512,0.6185697153316922,186,13,770,11.01,10.0,0,1,0.6357856494096277
Unkonwn,0,10,1,21,0,0,1,50279,4512,0.6185697153316922,186,73,2683,15.01,11.0,1,0,0.6662225183211192
Unkonwn,0,35,2,4,0,0,1,50279,4512,0.6185697153316922,186,3,2215,0.01,0.0,0,1,0.0
White,0,93,3,16,2,3,2,50279,4512,0.6185697153316922,186,63,2948,60.01,0.0,0,0,0.7665389101816364
White,0,202,4,8,0,0,4,50279,4512,0.6185697153316922,186,0,479,0.01,0.0,0,0,0.0
White,4,13,6,72,3,2,4,50279,4512,0.6185697153316922,186,65,3438,13.01,7.0,1,0,0.8455034588777863
Unkonwn,0,23,4,171,1,1,2,50279,4512,0.6185697153316922,186,73,2683,15.01,11.0,1,0,0.6662225183211192
API,26,9,1,1,0,0,1,50279,4512,0.6185697153316922,186,13,770,11.01,10.0,0,1,0.6357856494096277
Unkonwn,5,6,6,295,0,6,1,50279,4512,0.6185697153316922,186,73,2683,15.01,11.0,1,0,0.6662225183211192
API,12,126,6,34,1,2,1,50279,4512,0.6185697153316922,186,38,2857,8.01,3.0,0,0,0.37453183520599254
Unkonwn,3,197,4,56,16,11,17,50279,4512,0.6185697153316922,186,79,2881,1.01,0.0,0,0,0.9900990099009901
Unkonwn,0,32,3,44,0,0,1,50279,4512,0.6185697153316922,186,73,2683,15.01,11.0,1,0,0.6662225183211192
Unkonwn,0,0,1,2,0,0,1,50279,4512,0.6185697153316922,186,79,2881,1.01,0.0,0,0,0.9900990099009901
White,0,389,1,2,1,0,2,50279,4512,0.6185697153316922,186,19,3816,13.01,0.0,0,1,0.9992313604919293
Unkonwn,0,77,1,6,0,0,1,50279,4512,0.6185697153316922,186,4,2298,0.01,0.0,0,1,0.0
API,73,1,3,17,1,1,1,50279,4512,0.6185697153316922,186,43,1936,38.01,6.0,0,1,0.6577216521967904
White,52,166,2,143,4,10,5,50279,4512,0.6185697153316922,186,151,1673,4.01,3.0,1,1,0.7481296758104738
API,0,125,1,13,0,1,1,50279,4512,0.6185697153316922,186,13,770,11.01,10.0,0,1,0.6357856494096277
White,1,129,1,20,1,1,2,50279,4512,0.6185697153316922,186,63,2948,60.01,0.0,0,0,0.7665389101816364
API,0,62,1,6,0,0,1,50279,4512,0.6185697153316922,186,9,2192,0.01,0.0,0,0,0.0
Unkonwn,0,92,1,2,0,0,1,50279,4512,0.6185697153316922,186,5,3901,0.01,0.0,0,1,0.0
API,7,134,7,146,7,18,7,50279,4512,0.6185697153316922,186,43,1936,38.01,6.0,0,1,0.6577216521967904
Unkonwn,0,2,1,31,0,0,1,50279,4512,0.6185697153316922,186,73,2683,15.01,11.0,1,0,0.6662225183211192
White,0,0,1,2,0,0,1,50279,4512,0.6185697153316922,186,16,2343,11.01,0.0,0,0,0.36330608537693004
White,1,0,2,55,0,0,2,50279,4512,0.6185697153316922,186,3,1334,0.01,0.0,0,1,0.0
White,15,98,1,1,0,0,1,50279,4512,0.6185697153316922,186,201,2799,13.01,4.0,1,1,0.7686395080707148
API,3,4,3,28,0,2,1,50279,4512,0.6185697153316922,186,38,2857,8.01,3.0,0,0,0.37453183520599254
White,3,0,1,8,1,3,2,50279,4512,0.6185697153316922,186,2,2890,4.01,0.0,0,1,0.49875311720698257
API,0,113,1,7,0,0,1,50279,4512,0.6185697153316922,186,13,770,11.01,10.0,0,1,0.6357856494096277
White,0,0,1,9,0,0,1,50279,4512,0.6185697153316922,186,31,3781,0.01,0.0,0,0,0.0
White,6,0,1,6,1,0,2,50279,4512,0.6185697153316922,186,2,2890,4.01,0.0,0,1,0.49875311720698257
API,0,161,1,3,0,0,1,50279,4512,0.6185697153316922,186,43,1936,38.01,6.0,0,1,0.6577216521967904
Hispanic,87,138,11,481,17,30,19,50279,4512,0.6185697153316922,186,3,3923,0.01,0.0,0,1,0.0
Unkonwn,3,0,1,4,0,0,1,50279,4512,0.6185697153316922,186,16,1019,34.01,2.0,0,1,0.8232872684504557
API,2,0,1,1,0,0,1,50279,4512,0.6185697153316922,186,13,770,11.01,10.0,0,1,0.6357856494096277
White,9,169,1,506,8,3,9,50279,4512,0.6185697153316922,186,37,3645,33.01,1.0,0,1,0.757346258709482
Unkonwn,9,187,1,249,11,17,13,50279,4512,0.6185697153316922,186,6,1328,3.01,0.0,0,0,0.6644518272425249
Unkonwn,6,0,1,3,0,0,1,50279,4512,0.6185697153316922,186,73,2683,15.01,11.0,1,0,0.6662225183211192
Unkonwn,21,0,1,1,0,0,1,50279,4512,0.6185697153316922,186,73,2683,15.01,11.0,1,0,0.6662225183211192
Unkonwn,4,171,1,1,0,0,1,50279,4512,0.6185697153316922,186,45,2873,0.01,0.0,0,1,0.0
Unkonwn,210,0,1,4,0,0,1,50279,4512,0.6185697153316922,186,2,2147,4.01,0.0,0,1,0.7481296758104738
White,2,0,1,5,0,0,1,50279,4512,0.6185697153316922,186,10,4270,0.01,0.0,0,0,0.0
Hispanic,2,0,1,2,0,0,1,50279,4512,0.6185697153316922,186,0,2759,0.01,0.0,0,0,0.0
API,10,520,1,27,1,0,1,50279,4512,0.6185697153316922,186,6,2557,0.01,0.0,0,1,0.0
White,3,0,1,2,0,0,1,50279,4512,0.6185697153316922,186,201,2799,13.01,4.0,1,1,0.7686395080707148
API,344,0,1,34,3,3,4,50279,4512,0.6185697153316922,186,13,770,11.01,10.0,0,1,0.6357856494096277
