pr_author_race,pr_notice_time,pr_review_time,pr_changed_files,pr_LOC,pr_reviewer_race,pr_review_commits,pr_review_comments,pr_commits,repo_stars,repo_create_time,repo_external_contribution,repo_team_size,user_followers,user_dev_time,user_experience,user_repo_experience,user_main_member,user_watched,user_succ_rate
Unkonwn,0,0,6,85,White,0,0,3,50279,4512,0.6185697153316922,186,73,2683,15.01,11.0,1,0,0.6662225183211192
Unkonwn,0,0,26,994,White,0,0,21,50279,4512,0.6185697153316922,186,73,2683,15.01,11.0,1,0,0.6662225183211192
Unkonwn,0,0,53,1326,White,0,0,35,50279,4512,0.6185697153316922,186,73,2683,15.01,11.0,1,0,0.6662225183211192
Unkonwn,0,0,1,7,Unkonwn,0,0,1,50279,4512,0.6185697153316922,186,11,3107,21.009999999999998,17.0,0,1,0.6187529747739172
Unkonwn,0,0,1,2,Unkonwn,0,0,1,50279,4512,0.6185697153316922,186,20,1749,25.009999999999998,24.0,0,1,0.4398240703718513
Unkonwn,0,0,1,3,Unkonwn,0,0,1,50279,4512,0.6185697153316922,186,20,1749,25.009999999999998,24.0,0,1,0.4398240703718513
Unkonwn,0,4,1,2,White,0,0,1,50279,4512,0.6185697153316922,186,73,2683,15.01,11.0,1,0,0.6662225183211192
API,0,0,1,2,Unkonwn,0,0,1,50279,4512,0.6185697153316922,186,26,2269,4.01,1.0,0,0,0.49875311720698257
Unkonwn,0,0,2,24,Unkonwn,2,2,3,50279,4512,0.6185697153316922,186,20,1749,25.009999999999998,24.0,0,1,0.4398240703718513
White,0,0,1,2,Unkonwn,0,0,1,50279,4512,0.6185697153316922,186,65,3438,13.01,7.0,1,0,0.8455034588777863
API,0,0,1,2,White,0,0,1,50279,4512,0.6185697153316922,186,17,2268,1.01,1.0,0,1,0.9900990099009901
Unkonwn,0,1,1,54,Unkonwn,3,0,4,50279,4512,0.6185697153316922,186,20,1749,25.009999999999998,24.0,0,1,0.4398240703718513
Unkonwn,0,0,1,13,Unkonwn,0,0,1,50279,4512,0.6185697153316922,186,11,3107,21.009999999999998,17.0,0,1,0.6187529747739172
Unkonwn,0,0,1,3,Unkonwn,0,0,1,50279,4512,0.6185697153316922,186,20,1749,25.009999999999998,24.0,0,1,0.4398240703718513
White,0,0,1,16,Unkonwn,1,2,1,50279,4512,0.6185697153316922,186,151,1673,4.01,3.0,1,1,0.7481296758104738
Unkonwn,0,0,1,4,White,0,0,1,50279,4512,0.6185697153316922,186,73,2683,15.01,11.0,1,0,0.6662225183211192
Unkonwn,0,0,1,7,White,0,0,1,50279,4512,0.6185697153316922,186,73,2683,15.01,11.0,1,0,0.6662225183211192
Unkonwn,0,0,1,5,White,0,0,1,50279,4512,0.6185697153316922,186,73,2683,15.01,11.0,1,0,0.6662225183211192
White,0,0,3,7,Unkonwn,1,0,2,50279,4512,0.6185697153316922,186,51,1325,30.009999999999998,25.0,1,0,0.4665111629456848
White,0,0,1,2,Unkonwn,0,0,1,50279,4512,0.6185697153316922,186,65,3438,13.01,7.0,1,0,0.8455034588777863
Unkonwn,0,2,2,79,Unkonwn,3,0,4,50279,4512,0.6185697153316922,186,20,1749,25.009999999999998,24.0,0,1,0.4398240703718513
API,0,0,1,2,Unkonwn,0,0,1,50279,4512,0.6185697153316922,186,43,1936,38.01,6.0,0,1,0.6577216521967904
Unkonwn,0,0,1,4,White,0,0,1,50279,4512,0.6185697153316922,186,13,2276,3.01,1.0,0,1,0.33222591362126247
Unkonwn,0,0,1,27,White,0,0,1,50279,4512,0.6185697153316922,186,73,2683,15.01,11.0,1,0,0.6662225183211192
Unkonwn,0,0,2,10,White,0,0,1,50279,4512,0.6185697153316922,186,73,2683,15.01,11.0,1,0,0.6662225183211192
Unkonwn,0,0,1,1,Unkonwn,0,0,1,50279,4512,0.6185697153316922,186,11,3107,21.009999999999998,17.0,0,1,0.6187529747739172
White,0,0,1,4,Unkonwn,0,0,1,50279,4512,0.6185697153316922,186,37,950,29.009999999999998,24.0,0,1,0.31023784901758017
Unkonwn,0,0,1,86,White,0,0,1,50279,4512,0.6185697153316922,186,73,2683,15.01,11.0,1,0,0.6662225183211192
White,0,0,1,5,Unkonwn,0,0,1,50279,4512,0.6185697153316922,186,65,3438,13.01,7.0,1,0,0.8455034588777863
White,0,0,1,2,Unkonwn,0,0,1,50279,4512,0.6185697153316922,186,65,3438,13.01,7.0,1,0,0.8455034588777863
Unkonwn,0,0,4,82,White,1,1,2,50279,4512,0.6185697153316922,186,73,2683,15.01,11.0,1,0,0.6662225183211192
Unkonwn,0,1,1,251,White,2,0,3,50279,4512,0.6185697153316922,186,73,2683,15.01,11.0,1,0,0.6662225183211192
Unkonwn,0,1,2,6,White,0,0,2,50279,4512,0.6185697153316922,186,20,1749,25.009999999999998,24.0,0,1,0.4398240703718513
White,1,7,1,26,Unkonwn,0,0,1,50279,4512,0.6185697153316922,186,37,950,29.009999999999998,24.0,0,1,0.31023784901758017
Unkonwn,0,0,1,2,Unkonwn,0,0,1,50279,4512,0.6185697153316922,186,20,1749,25.009999999999998,24.0,0,1,0.4398240703718513
Unkonwn,0,0,1,6,Unkonwn,1,0,2,50279,4512,0.6185697153316922,186,20,1749,25.009999999999998,24.0,0,1,0.4398240703718513
API,0,0,1,2,White,0,0,1,50279,4512,0.6185697153316922,186,5,3354,4.01,4.0,0,1,0.49875311720698257
Unkonwn,0,0,1,2,Unkonwn,1,0,2,50279,4512,0.6185697153316922,186,20,1749,25.009999999999998,24.0,0,1,0.4398240703718513
White,0,1,1,4,Unkonwn,0,0,1,50279,4512,0.6185697153316922,186,37,950,29.009999999999998,24.0,0,1,0.31023784901758017
Unkonwn,0,1,2,10,Unkonwn,4,3,5,50279,4512,0.6185697153316922,186,20,1749,25.009999999999998,24.0,0,1,0.4398240703718513
White,0,1,1,3,Unkonwn,0,0,1,50279,4512,0.6185697153316922,186,37,950,29.009999999999998,24.0,0,1,0.31023784901758017
White,0,44,1,6,Unkonwn,0,0,1,50279,4512,0.6185697153316922,186,37,950,29.009999999999998,24.0,0,1,0.31023784901758017
White,0,0,1,1,White,0,0,1,50279,4512,0.6185697153316922,186,37,950,29.009999999999998,24.0,0,1,0.31023784901758017
Unkonwn,0,3,1,4,Unkonwn,0,0,1,50279,4512,0.6185697153316922,186,20,1749,25.009999999999998,24.0,0,1,0.4398240703718513
White,0,0,1,2,Unkonwn,0,0,1,50279,4512,0.6185697153316922,186,37,950,29.009999999999998,24.0,0,1,0.31023784901758017
Unkonwn,0,0,1,4,White,0,0,1,50279,4512,0.6185697153316922,186,73,2683,15.01,11.0,1,0,0.6662225183211192
API,0,0,1,5,White,0,0,1,50279,4512,0.6185697153316922,186,13,770,11.01,10.0,0,1,0.6357856494096277
API,0,1,1,2,White,0,0,1,50279,4512,0.6185697153316922,186,13,770,11.01,10.0,0,1,0.6357856494096277
API,0,0,1,2,Unkonwn,0,0,1,50279,4512,0.6185697153316922,186,12,2630,58.01,0.0,0,0,0.8446819513876918
API,0,0,1,2,Unkonwn,0,0,1,50279,4512,0.6185697153316922,186,12,2630,58.01,0.0,0,0,0.8446819513876918
Unkonwn,0,0,1,18,White,1,0,2,50279,4512,0.6185697153316922,186,73,2683,15.01,11.0,1,0,0.6662225183211192
Unkonwn,0,10,1,10,White,1,0,2,50279,4512,0.6185697153316922,186,73,2683,15.01,11.0,1,0,0.6662225183211192
API,0,0,1,4,Unkonwn,0,0,1,50279,4512,0.6185697153316922,186,13,770,11.01,10.0,0,1,0.6357856494096277
Unkonwn,0,0,1,7,White,0,0,1,50279,4512,0.6185697153316922,186,73,2683,15.01,11.0,1,0,0.6662225183211192
Unkonwn,0,0,1,2,White,0,0,1,50279,4512,0.6185697153316922,186,11,3107,21.009999999999998,17.0,0,1,0.6187529747739172
Unkonwn,0,0,1,2,White,0,0,1,50279,4512,0.6185697153316922,186,73,2683,15.01,11.0,1,0,0.6662225183211192
Unkonwn,0,0,1,2,White,0,0,1,50279,4512,0.6185697153316922,186,73,2683,15.01,11.0,1,0,0.6662225183211192
Unkonwn,0,2,1,2,Unkonwn,0,0,1,50279,4512,0.6185697153316922,186,20,1749,25.009999999999998,24.0,0,1,0.4398240703718513
White,0,0,1,1,Unkonwn,0,0,1,50279,4512,0.6185697153316922,186,9,2416,2.01,1.0,0,1,0.49751243781094534
White,0,0,3,70,Unkonwn,1,1,2,50279,4512,0.6185697153316922,186,51,1325,30.009999999999998,25.0,1,0,0.4665111629456848
Unkonwn,0,0,1,2,White,0,0,1,50279,4512,0.6185697153316922,186,73,2683,15.01,11.0,1,0,0.6662225183211192
Unkonwn,0,0,1,22,White,0,0,1,50279,4512,0.6185697153316922,186,73,2683,15.01,11.0,1,0,0.6662225183211192
Unkonwn,0,0,1,2,Unkonwn,0,0,1,50279,4512,0.6185697153316922,186,20,1749,25.009999999999998,24.0,0,1,0.4398240703718513
Unkonwn,0,26,4,44,White,0,0,1,50279,4512,0.6185697153316922,186,0,635,1.01,1.0,0,0,0.9900990099009901
API,0,0,1,2,Unkonwn,0,0,1,50279,4512,0.6185697153316922,186,43,1936,38.01,6.0,0,1,0.6577216521967904
Unkonwn,0,0,1,2,Unkonwn,0,0,1,50279,4512,0.6185697153316922,186,20,1749,25.009999999999998,24.0,0,1,0.4398240703718513
Unkonwn,0,0,9,34,White,0,0,3,50279,4512,0.6185697153316922,186,73,2683,15.01,11.0,1,0,0.6662225183211192
Unkonwn,0,0,1,7,Unkonwn,1,0,2,50279,4512,0.6185697153316922,186,20,1749,25.009999999999998,24.0,0,1,0.4398240703718513
White,0,0,2,18,White,0,0,1,50279,4512,0.6185697153316922,186,2,2481,2.01,2.0,0,0,0.9950248756218907
API,0,2,1,4,White,0,0,1,50279,4512,0.6185697153316922,186,13,770,11.01,10.0,0,1,0.6357856494096277
Unkonwn,0,0,6,10,Unkonwn,1,1,2,50279,4512,0.6185697153316922,186,20,1749,25.009999999999998,24.0,0,1,0.4398240703718513
Unkonwn,0,0,1,4,White,1,0,2,50279,4512,0.6185697153316922,186,11,3107,21.009999999999998,17.0,0,1,0.6187529747739172
Unkonwn,0,0,1,12,White,0,1,1,50279,4512,0.6185697153316922,186,73,2683,15.01,11.0,1,0,0.6662225183211192
White,0,0,1,6,Unkonwn,0,0,1,50279,4512,0.6185697153316922,186,65,3438,13.01,7.0,1,0,0.8455034588777863
API,0,0,1,4,Unkonwn,0,0,1,50279,4512,0.6185697153316922,186,78,2219,5.01,1.0,0,0,0.5988023952095809
White,0,1,1,2,White,0,0,1,50279,4512,0.6185697153316922,186,3,2879,6.01,2.0,0,1,0.3327787021630616
White,0,1,1,2,White,0,0,1,50279,4512,0.6185697153316922,186,9,2269,2.01,2.0,0,0,0.0
Unkonwn,0,1,1,4,White,0,0,1,50279,4512,0.6185697153316922,186,20,1749,25.009999999999998,24.0,0,1,0.4398240703718513
Unkonwn,0,3,4,45,White,0,0,1,50279,4512,0.6185697153316922,186,73,2683,15.01,11.0,1,0,0.6662225183211192
White,0,0,1,4,White,0,0,1,50279,4512,0.6185697153316922,186,2,2481,2.01,2.0,0,0,0.9950248756218907
White,0,0,1,2,White,0,0,1,50279,4512,0.6185697153316922,186,11,3153,0.01,0.0,0,0,0.0
White,0,0,3,17,Unkonwn,0,0,1,50279,4512,0.6185697153316922,186,51,1325,30.009999999999998,25.0,1,0,0.4665111629456848
White,0,0,1,4,Unkonwn,0,0,1,50279,4512,0.6185697153316922,186,28,4096,14.01,0.0,0,1,0.7851534618129907
Unkonwn,0,0,1,3,Unkonwn,0,0,1,50279,4512,0.6185697153316922,186,11,3107,21.009999999999998,17.0,0,1,0.6187529747739172
White,0,2,1,4,White,0,0,1,50279,4512,0.6185697153316922,186,33,1757,96.00999999999999,0.0,0,0,0.6874283928757422
Unkonwn,0,0,1,10,White,0,0,1,50279,4512,0.6185697153316922,186,73,2683,15.01,11.0,1,0,0.6662225183211192
White,0,0,2,12,Unkonwn,1,2,2,50279,4512,0.6185697153316922,186,65,3438,13.01,7.0,1,0,0.8455034588777863
Unkonwn,0,0,3,27,White,0,0,1,50279,4512,0.6185697153316922,186,73,2683,15.01,11.0,1,0,0.6662225183211192
Unkonwn,0,3,1,4,White,0,0,1,50279,4512,0.6185697153316922,186,36,1924,1.01,1.0,0,1,0.9900990099009901
Unkonwn,0,0,1,4,White,0,0,1,50279,4512,0.6185697153316922,186,36,1924,1.01,1.0,0,1,0.9900990099009901
Unkonwn,0,0,7,16,Unkonwn,0,0,1,50279,4512,0.6185697153316922,186,36,1924,1.01,1.0,0,1,0.9900990099009901
Unkonwn,0,0,4,51,White,0,0,1,50279,4512,0.6185697153316922,186,73,2683,15.01,11.0,1,0,0.6662225183211192
Unkonwn,0,0,1,5,White,0,0,1,50279,4512,0.6185697153316922,186,73,2683,15.01,11.0,1,0,0.6662225183211192
API,0,0,1,2,White,0,0,1,50279,4512,0.6185697153316922,186,13,770,11.01,10.0,0,1,0.6357856494096277
Unkonwn,0,89,1,4,Unkonwn,2,0,3,50279,4512,0.6185697153316922,186,11,3107,21.009999999999998,17.0,0,1,0.6187529747739172
Unkonwn,0,0,1,2,White,0,0,1,50279,4512,0.6185697153316922,186,73,2683,15.01,11.0,1,0,0.6662225183211192
White,0,0,4,13,Unkonwn,0,0,1,50279,4512,0.6185697153316922,186,65,3438,13.01,7.0,1,0,0.8455034588777863
White,0,2,1,4,White,0,0,1,50279,4512,0.6185697153316922,186,28,4096,14.01,0.0,0,1,0.7851534618129907
API,0,0,1,14,Unkonwn,0,0,1,50279,4512,0.6185697153316922,186,13,770,11.01,10.0,0,1,0.6357856494096277
Unkonwn,0,0,1,2,White,0,0,1,50279,4512,0.6185697153316922,186,73,2683,15.01,11.0,1,0,0.6662225183211192
Unkonwn,0,10,1,3,White,0,0,1,50279,4512,0.6185697153316922,186,11,3107,21.009999999999998,17.0,0,1,0.6187529747739172
API,0,0,3,25,Unkonwn,0,0,1,50279,4512,0.6185697153316922,186,13,770,11.01,10.0,0,1,0.6357856494096277
White,0,0,1,7,Unkonwn,0,0,1,50279,4512,0.6185697153316922,186,65,3438,13.01,7.0,1,0,0.8455034588777863
API,0,0,2,10,Unkonwn,1,0,2,50279,4512,0.6185697153316922,186,0,121,0.01,0.0,0,0,0.0
Unkonwn,0,0,1,18,White,0,0,1,50279,4512,0.6185697153316922,186,73,2683,15.01,11.0,1,0,0.6662225183211192
White,0,0,2,31,Unkonwn,0,0,1,50279,4512,0.6185697153316922,186,65,3438,13.01,7.0,1,0,0.8455034588777863
White,0,0,2,47,Unkonwn,2,1,3,50279,4512,0.6185697153316922,186,9,1547,20.009999999999998,1.0,0,0,0.8995502248875563
Unkonwn,0,0,1,4,Unkonwn,0,0,1,50279,4512,0.6185697153316922,186,11,3107,21.009999999999998,17.0,0,1,0.6187529747739172
Unkonwn,23,1,1,24,White,0,0,2,50279,4512,0.6185697153316922,186,13,3562,0.01,0.0,0,0,0.0
White,0,2,1,6,White,0,0,1,50279,4512,0.6185697153316922,186,1,2686,0.01,0.0,0,0,0.0
API,0,20,1,2,White,0,0,1,50279,4512,0.6185697153316922,186,13,770,11.01,10.0,0,1,0.6357856494096277
API,0,0,1,3,White,0,0,1,50279,4512,0.6185697153316922,186,43,1936,38.01,6.0,0,1,0.6577216521967904
API,0,0,1,2,White,0,0,1,50279,4512,0.6185697153316922,186,13,770,11.01,10.0,0,1,0.6357856494096277
Unkonwn,0,0,1,7,White,0,0,1,50279,4512,0.6185697153316922,186,11,3107,21.009999999999998,17.0,0,1,0.6187529747739172
Unkonwn,0,0,1,6,White,0,0,1,50279,4512,0.6185697153316922,186,73,2683,15.01,11.0,1,0,0.6662225183211192
Unkonwn,0,0,1,2,Unkonwn,1,0,2,50279,4512,0.6185697153316922,186,11,3107,21.009999999999998,17.0,0,1,0.6187529747739172
API,0,0,1,4,Unkonwn,0,0,1,50279,4512,0.6185697153316922,186,13,770,11.01,10.0,0,1,0.6357856494096277
White,0,0,2,4,Unkonwn,0,0,2,50279,4512,0.6185697153316922,186,16,2343,11.01,0.0,0,0,0.36330608537693004
White,0,0,2,36,Unkonwn,2,2,3,50279,4512,0.6185697153316922,186,9,1547,20.009999999999998,1.0,0,0,0.8995502248875563
White,0,0,2,80,Unkonwn,0,0,1,50279,4512,0.6185697153316922,186,65,3438,13.01,7.0,1,0,0.8455034588777863
White,0,0,1,14,Unkonwn,0,0,1,50279,4512,0.6185697153316922,186,9,1547,20.009999999999998,1.0,0,0,0.8995502248875563
White,0,0,1,9,Unkonwn,1,1,1,50279,4512,0.6185697153316922,186,65,3438,13.01,7.0,1,0,0.8455034588777863
White,13,0,5,196,White,4,1,6,50279,4512,0.6185697153316922,186,275,4116,7.01,0.0,0,0,0.9985734664764623
Unkonwn,0,1,2,12,Unkonwn,4,0,5,50279,4512,0.6185697153316922,186,11,3107,21.009999999999998,17.0,0,1,0.6187529747739172
Unkonwn,0,1,6,51,White,0,0,1,50279,4512,0.6185697153316922,186,11,3107,21.009999999999998,17.0,0,1,0.6187529747739172
Unkonwn,0,0,1,2,White,0,0,1,50279,4512,0.6185697153316922,186,73,2683,15.01,11.0,1,0,0.6662225183211192
Unkonwn,0,1,1,1,White,0,0,1,50279,4512,0.6185697153316922,186,73,2683,15.01,11.0,1,0,0.6662225183211192
API,0,6,1,12,White,2,0,2,50279,4512,0.6185697153316922,186,13,770,11.01,10.0,0,1,0.6357856494096277
White,0,0,1,2,White,0,0,1,50279,4512,0.6185697153316922,186,0,1451,1.01,1.0,0,1,0.0
White,0,0,1,2,Unkonwn,0,0,1,50279,4512,0.6185697153316922,186,65,3438,13.01,7.0,1,0,0.8455034588777863
Unkonwn,0,1,1,5,White,0,0,1,50279,4512,0.6185697153316922,186,1,2158,0.01,0.0,0,1,0.0
White,0,3,1,8,White,0,0,1,50279,4512,0.6185697153316922,186,37,3473,7.01,0.0,0,1,0.7132667617689016
White,2,0,1,9,Unkonwn,1,1,2,50279,4512,0.6185697153316922,186,65,3438,13.01,7.0,1,0,0.8455034588777863
White,0,1,1,2,White,0,0,1,50279,4512,0.6185697153316922,186,2,1863,2.01,2.0,0,1,0.0
White,0,33,3,6,White,0,0,1,50279,4512,0.6185697153316922,186,2,1863,2.01,2.0,0,1,0.0
API,0,0,1,12,Unkonwn,0,0,1,50279,4512,0.6185697153316922,186,13,770,11.01,10.0,0,1,0.6357856494096277
White,0,0,3,22,Unkonwn,0,0,1,50279,4512,0.6185697153316922,186,65,3438,13.01,7.0,1,0,0.8455034588777863
White,0,0,1,16,Unkonwn,1,1,2,50279,4512,0.6185697153316922,186,65,3438,13.01,7.0,1,0,0.8455034588777863
White,0,0,3,20,Unkonwn,0,0,1,50279,4512,0.6185697153316922,186,65,3438,13.01,7.0,1,0,0.8455034588777863
Unkonwn,0,0,3,5,White,0,0,1,50279,4512,0.6185697153316922,186,73,2683,15.01,11.0,1,0,0.6662225183211192
API,0,13,1,9,White,1,0,2,50279,4512,0.6185697153316922,186,13,770,11.01,10.0,0,1,0.6357856494096277
White,0,0,2,4,Unkonwn,0,0,1,50279,4512,0.6185697153316922,186,51,1325,30.009999999999998,25.0,1,0,0.4665111629456848
White,0,0,2,11,Unkonwn,0,0,1,50279,4512,0.6185697153316922,186,65,3438,13.01,7.0,1,0,0.8455034588777863
White,0,0,1,5,Unkonwn,0,0,1,50279,4512,0.6185697153316922,186,65,3438,13.01,7.0,1,0,0.8455034588777863
Unkonwn,0,0,1,2,White,0,0,1,50279,4512,0.6185697153316922,186,11,3107,21.009999999999998,17.0,0,1,0.6187529747739172
White,0,0,2,29,Unkonwn,1,1,2,50279,4512,0.6185697153316922,186,65,3438,13.01,7.0,1,0,0.8455034588777863
Unkonwn,0,0,1,5,White,0,0,1,50279,4512,0.6185697153316922,186,73,2683,15.01,11.0,1,0,0.6662225183211192
White,0,0,3,15,Unkonwn,0,0,1,50279,4512,0.6185697153316922,186,65,3438,13.01,7.0,1,0,0.8455034588777863
White,0,0,4,52,Unkonwn,0,0,1,50279,4512,0.6185697153316922,186,65,3438,13.01,7.0,1,0,0.8455034588777863
White,0,8,4,54,Unkonwn,2,0,3,50279,4512,0.6185697153316922,186,28,4096,14.01,0.0,0,1,0.7851534618129907
White,0,0,2,28,Unkonwn,0,0,1,50279,4512,0.6185697153316922,186,1,2665,0.01,0.0,0,1,0.0
Unkonwn,0,0,1,9,White,0,0,1,50279,4512,0.6185697153316922,186,73,2683,15.01,11.0,1,0,0.6662225183211192
White,0,0,1,2,Unkonwn,0,0,1,50279,4512,0.6185697153316922,186,65,3438,13.01,7.0,1,0,0.8455034588777863
Unkonwn,0,0,2,5,White,0,0,1,50279,4512,0.6185697153316922,186,73,2683,15.01,11.0,1,0,0.6662225183211192
Unkonwn,0,0,1,10,White,0,0,1,50279,4512,0.6185697153316922,186,73,2683,15.01,11.0,1,0,0.6662225183211192
White,0,1,1,3,Unkonwn,1,0,2,50279,4512,0.6185697153316922,186,78,2826,42.01,2.0,0,1,0.8569388240895025
White,0,0,1,29,Unkonwn,1,1,2,50279,4512,0.6185697153316922,186,65,3438,13.01,7.0,1,0,0.8455034588777863
White,0,0,1,4,Unkonwn,0,0,1,50279,4512,0.6185697153316922,186,65,3438,13.01,7.0,1,0,0.8455034588777863
White,0,0,4,59,Unkonwn,0,0,1,50279,4512,0.6185697153316922,186,78,2826,42.01,2.0,0,1,0.8569388240895025
White,9,0,5,57,White,0,0,1,50279,4512,0.6185697153316922,186,0,1451,1.01,1.0,0,1,0.0
White,0,0,1,6,Unkonwn,0,0,1,50279,4512,0.6185697153316922,186,78,2826,42.01,2.0,0,1,0.8569388240895025
API,0,0,2,8,Unkonwn,0,0,1,50279,4512,0.6185697153316922,186,1764,2640,9.01,0.0,0,0,0.7769145394006659
Unkonwn,0,0,1,6,White,1,0,2,50279,4512,0.6185697153316922,186,73,2683,15.01,11.0,1,0,0.6662225183211192
Unkonwn,0,0,2,14,White,0,0,1,50279,4512,0.6185697153316922,186,73,2683,15.01,11.0,1,0,0.6662225183211192
White,0,0,3,42,Unkonwn,1,0,2,50279,4512,0.6185697153316922,186,65,3438,13.01,7.0,1,0,0.8455034588777863
White,0,0,1,6,Unkonwn,0,0,1,50279,4512,0.6185697153316922,186,78,2826,42.01,2.0,0,1,0.8569388240895025
White,0,0,5,50,Unkonwn,0,0,1,50279,4512,0.6185697153316922,186,28,4096,14.01,0.0,0,1,0.7851534618129907
API,0,0,1,15,Unkonwn,1,1,2,50279,4512,0.6185697153316922,186,78,2219,5.01,1.0,0,0,0.5988023952095809
White,0,0,1,6,Unkonwn,0,0,1,50279,4512,0.6185697153316922,186,65,3438,13.01,7.0,1,0,0.8455034588777863
White,0,0,1,2,Unkonwn,1,0,1,50279,4512,0.6185697153316922,186,151,1673,4.01,3.0,1,1,0.7481296758104738
Unkonwn,0,0,1,10,Unkonwn,0,0,1,50279,4512,0.6185697153316922,186,11,3107,21.009999999999998,17.0,0,1,0.6187529747739172
Unkonwn,0,0,1,159,White,0,0,1,50279,4512,0.6185697153316922,186,73,2683,15.01,11.0,1,0,0.6662225183211192
Unkonwn,0,0,1,4,White,0,0,1,50279,4512,0.6185697153316922,186,73,2683,15.01,11.0,1,0,0.6662225183211192
Unkonwn,0,0,3,23,White,0,0,1,50279,4512,0.6185697153316922,186,73,2683,15.01,11.0,1,0,0.6662225183211192
API,0,0,1,11,Unkonwn,0,0,1,50279,4512,0.6185697153316922,186,13,770,11.01,10.0,0,1,0.6357856494096277
Unkonwn,0,0,1,2,Unkonwn,0,0,1,50279,4512,0.6185697153316922,186,11,3107,21.009999999999998,17.0,0,1,0.6187529747739172
White,0,0,1,11,White,2,2,3,50279,4512,0.6185697153316922,186,24,2293,0.01,0.0,0,0,0.0
White,0,0,1,4,Unkonwn,0,0,1,50279,4512,0.6185697153316922,186,151,1673,4.01,3.0,1,1,0.7481296758104738
Unkonwn,0,0,2,4,White,0,0,1,50279,4512,0.6185697153316922,186,73,2683,15.01,11.0,1,0,0.6662225183211192
Unkonwn,1,0,3,19,White,0,0,1,50279,4512,0.6185697153316922,186,73,2683,15.01,11.0,1,0,0.6662225183211192
Unkonwn,0,28,1,4,Unkonwn,1,1,2,50279,4512,0.6185697153316922,186,11,3107,21.009999999999998,17.0,0,1,0.6187529747739172
Unkonwn,0,0,2,9,White,0,0,1,50279,4512,0.6185697153316922,186,73,2683,15.01,11.0,1,0,0.6662225183211192
White,0,0,2,109,Unkonwn,0,0,1,50279,4512,0.6185697153316922,186,28,4096,14.01,0.0,0,1,0.7851534618129907
Unkonwn,0,0,1,2,Unkonwn,0,0,1,50279,4512,0.6185697153316922,186,11,3107,21.009999999999998,17.0,0,1,0.6187529747739172
White,0,0,1,4,Unkonwn,0,0,1,50279,4512,0.6185697153316922,186,65,3438,13.01,7.0,1,0,0.8455034588777863
API,0,0,2,4,Unkonwn,1,0,2,50279,4512,0.6185697153316922,186,1764,2640,9.01,0.0,0,0,0.7769145394006659
White,0,0,3,9,Unkonwn,0,0,1,50279,4512,0.6185697153316922,186,65,3438,13.01,7.0,1,0,0.8455034588777863
API,0,0,1,2,Unkonwn,0,0,1,50279,4512,0.6185697153316922,186,1764,2640,9.01,0.0,0,0,0.7769145394006659
API,0,0,1,5,Unkonwn,2,0,3,50279,4512,0.6185697153316922,186,1764,2640,9.01,0.0,0,0,0.7769145394006659
White,0,3,4,92,White,0,0,1,50279,4512,0.6185697153316922,186,65,3438,13.01,7.0,1,0,0.8455034588777863
Unkonwn,0,2,2,6,White,0,0,1,50279,4512,0.6185697153316922,186,9,3384,10.01,0.0,0,1,0.999000999000999
Unkonwn,0,0,1,2,White,0,0,1,50279,4512,0.6185697153316922,186,73,2683,15.01,11.0,1,0,0.6662225183211192
White,0,0,2,15,White,1,0,2,50279,4512,0.6185697153316922,186,51,1325,30.009999999999998,25.0,1,0,0.4665111629456848
Unkonwn,0,0,2,17,White,0,0,1,50279,4512,0.6185697153316922,186,73,2683,15.01,11.0,1,0,0.6662225183211192
Unkonwn,0,0,1,7,White,0,0,1,50279,4512,0.6185697153316922,186,73,2683,15.01,11.0,1,0,0.6662225183211192
API,0,0,1,1,Unkonwn,0,0,1,50279,4512,0.6185697153316922,186,13,770,11.01,10.0,0,1,0.6357856494096277
Unkonwn,0,1,1,2,White,0,0,1,50279,4512,0.6185697153316922,186,73,2683,15.01,11.0,1,0,0.6662225183211192
White,0,13,3,30,Unkonwn,12,0,14,50279,4512,0.6185697153316922,186,82,3746,50.01,0.0,0,1,0.8598280343931214
Unkonwn,0,0,1,2,Unkonwn,0,0,1,50279,4512,0.6185697153316922,186,11,3107,21.009999999999998,17.0,0,1,0.6187529747739172
Unkonwn,0,0,1,1,White,0,0,1,50279,4512,0.6185697153316922,186,73,2683,15.01,11.0,1,0,0.6662225183211192
White,0,0,2,12,Unkonwn,2,2,3,50279,4512,0.6185697153316922,186,9,1547,20.009999999999998,1.0,0,0,0.8995502248875563
Unkonwn,0,0,1,2,Unkonwn,0,0,1,50279,4512,0.6185697153316922,186,11,3107,21.009999999999998,17.0,0,1,0.6187529747739172
Unkonwn,0,0,2,6,White,0,0,1,50279,4512,0.6185697153316922,186,73,2683,15.01,11.0,1,0,0.6662225183211192
Unkonwn,0,0,1,2,White,0,0,1,50279,4512,0.6185697153316922,186,73,2683,15.01,11.0,1,0,0.6662225183211192
Unkonwn,0,0,2,25,White,0,0,1,50279,4512,0.6185697153316922,186,73,2683,15.01,11.0,1,0,0.6662225183211192
Unkonwn,0,4,1,4,White,0,0,1,50279,4512,0.6185697153316922,186,73,2683,15.01,11.0,1,0,0.6662225183211192
Unkonwn,3,0,1,2,White,0,0,1,50279,4512,0.6185697153316922,186,73,2683,15.01,11.0,1,0,0.6662225183211192
Unkonwn,0,0,3,10,White,0,0,1,50279,4512,0.6185697153316922,186,73,2683,15.01,11.0,1,0,0.6662225183211192
White,0,0,2,4,Unkonwn,0,0,1,50279,4512,0.6185697153316922,186,201,2799,13.01,4.0,1,1,0.7686395080707148
Unkonwn,0,0,1,8,Unkonwn,1,1,2,50279,4512,0.6185697153316922,186,11,3107,21.009999999999998,17.0,0,1,0.6187529747739172
API,0,0,1,48,White,0,0,1,50279,4512,0.6185697153316922,186,43,1936,38.01,6.0,0,1,0.6577216521967904
White,0,0,2,6,Unkonwn,1,0,2,50279,4512,0.6185697153316922,186,9,1547,20.009999999999998,1.0,0,0,0.8995502248875563
White,0,0,1,16,Unkonwn,0,0,1,50279,4512,0.6185697153316922,186,65,3438,13.01,7.0,1,0,0.8455034588777863
API,0,0,1,17,White,1,1,2,50279,4512,0.6185697153316922,186,13,770,11.01,10.0,0,1,0.6357856494096277
White,0,2,1,4,Unkonwn,0,0,1,50279,4512,0.6185697153316922,186,205,4810,0.01,0.0,0,1,0.0
White,0,1,21,206,Unkonwn,0,0,1,50279,4512,0.6185697153316922,186,51,1325,30.009999999999998,25.0,1,0,0.4665111629456848
Unkonwn,0,0,1,7,Unkonwn,0,0,1,50279,4512,0.6185697153316922,186,0,1203,0.01,0.0,0,0,0.0
API,4,0,1,16,Unkonwn,2,2,3,50279,4512,0.6185697153316922,186,78,2219,5.01,1.0,0,0,0.5988023952095809
White,0,0,1,9,White,1,0,1,50279,4512,0.6185697153316922,186,78,2826,42.01,2.0,0,1,0.8569388240895025
API,0,2,1,2,White,0,0,1,50279,4512,0.6185697153316922,186,13,770,11.01,10.0,0,1,0.6357856494096277
Unkonwn,0,0,2,12,White,0,0,1,50279,4512,0.6185697153316922,186,73,2683,15.01,11.0,1,0,0.6662225183211192
Unkonwn,0,0,2,83,White,0,0,1,50279,4512,0.6185697153316922,186,73,2683,15.01,11.0,1,0,0.6662225183211192
White,0,0,2,41,Unkonwn,0,0,1,50279,4512,0.6185697153316922,186,65,3438,13.01,7.0,1,0,0.8455034588777863
White,0,0,1,6,White,0,0,1,50279,4512,0.6185697153316922,186,51,1325,30.009999999999998,25.0,1,0,0.4665111629456848
API,0,0,1,2,White,0,0,1,50279,4512,0.6185697153316922,186,5,3354,4.01,4.0,0,1,0.49875311720698257
White,0,0,1,1,Unkonwn,0,0,1,50279,4512,0.6185697153316922,186,65,3438,13.01,7.0,1,0,0.8455034588777863
Unkonwn,0,0,1,2,White,0,0,1,50279,4512,0.6185697153316922,186,73,2683,15.01,11.0,1,0,0.6662225183211192
API,0,4,1,3,Unkonwn,0,0,1,50279,4512,0.6185697153316922,186,13,770,11.01,10.0,0,1,0.6357856494096277
White,0,0,1,4,Unkonwn,0,0,1,50279,4512,0.6185697153316922,186,65,3438,13.01,7.0,1,0,0.8455034588777863
Unkonwn,0,0,1,16,White,0,0,1,50279,4512,0.6185697153316922,186,73,2683,15.01,11.0,1,0,0.6662225183211192
API,0,0,1,2,Unkonwn,0,0,1,50279,4512,0.6185697153316922,186,43,1936,38.01,6.0,0,1,0.6577216521967904
White,0,0,1,43,Unkonwn,1,0,2,50279,4512,0.6185697153316922,186,65,3438,13.01,7.0,1,0,0.8455034588777863
API,0,1,1,9,Unkonwn,0,0,1,50279,4512,0.6185697153316922,186,13,770,11.01,10.0,0,1,0.6357856494096277
White,0,0,1,12,White,1,0,1,50279,4512,0.6185697153316922,186,78,2826,42.01,2.0,0,1,0.8569388240895025
White,0,0,2,22,Unkonwn,0,1,1,50279,4512,0.6185697153316922,186,63,2948,60.01,0.0,0,0,0.7665389101816364
White,0,0,2,32,Unkonwn,0,0,1,50279,4512,0.6185697153316922,186,65,3438,13.01,7.0,1,0,0.8455034588777863
Unkonwn,0,2,2,4,Unkonwn,2,0,3,50279,4512,0.6185697153316922,186,1,2158,0.01,0.0,0,1,0.0
White,12,0,1,4,Unkonwn,0,0,1,50279,4512,0.6185697153316922,186,201,2799,13.01,4.0,1,1,0.7686395080707148
API,1,0,1,3,Unkonwn,0,0,1,50279,4512,0.6185697153316922,186,43,1936,38.01,6.0,0,1,0.6577216521967904
Unkonwn,0,0,1,8,White,0,0,1,50279,4512,0.6185697153316922,186,73,2683,15.01,11.0,1,0,0.6662225183211192
White,0,0,1,69,Unkonwn,2,0,3,50279,4512,0.6185697153316922,186,65,3438,13.01,7.0,1,0,0.8455034588777863
Unkonwn,0,0,1,3,Unkonwn,1,1,2,50279,4512,0.6185697153316922,186,56,3124,0.01,0.0,0,1,0.0
White,8,0,1,12,Unkonwn,0,1,1,50279,4512,0.6185697153316922,186,201,2799,13.01,4.0,1,1,0.7686395080707148
White,0,0,1,13,Unkonwn,0,0,1,50279,4512,0.6185697153316922,186,65,3438,13.01,7.0,1,0,0.8455034588777863
API,0,1,1,14,Unkonwn,0,0,1,50279,4512,0.6185697153316922,186,43,1936,38.01,6.0,0,1,0.6577216521967904
Unkonwn,1,2,1,13,White,0,0,1,50279,4512,0.6185697153316922,186,73,2683,15.01,11.0,1,0,0.6662225183211192
Unkonwn,0,0,1,4,White,0,0,1,50279,4512,0.6185697153316922,186,73,2683,15.01,11.0,1,0,0.6662225183211192
White,0,4,1,2,White,0,0,1,50279,4512,0.6185697153316922,186,46,3163,70.00999999999999,0.0,0,0,0.7284673618054565
White,0,0,1,2,Unkonwn,0,0,1,50279,4512,0.6185697153316922,186,201,2799,13.01,4.0,1,1,0.7686395080707148
Unkonwn,1,8,4,59,White,1,0,2,50279,4512,0.6185697153316922,186,73,2683,15.01,11.0,1,0,0.6662225183211192
White,0,0,1,3,Unkonwn,0,0,1,50279,4512,0.6185697153316922,186,51,1325,30.009999999999998,25.0,1,0,0.4665111629456848
White,0,0,3,163,Unkonwn,0,0,1,50279,4512,0.6185697153316922,186,65,3438,13.01,7.0,1,0,0.8455034588777863
White,0,0,2,10,Unkonwn,0,0,1,50279,4512,0.6185697153316922,186,9,1547,20.009999999999998,1.0,0,0,0.8995502248875563
White,0,2,1,2,Unkonwn,0,0,1,50279,4512,0.6185697153316922,186,9,2269,2.01,2.0,0,0,0.0
White,0,2,1,6,Unkonwn,0,0,1,50279,4512,0.6185697153316922,186,63,2948,60.01,0.0,0,0,0.7665389101816364
Unkonwn,0,5,1,7,White,0,0,1,50279,4512,0.6185697153316922,186,4,2923,3.01,0.0,0,0,0.9966777408637875
White,0,0,1,2,Unkonwn,0,0,1,50279,4512,0.6185697153316922,186,65,3438,13.01,7.0,1,0,0.8455034588777863
White,0,0,2,11,Unkonwn,0,0,2,50279,4512,0.6185697153316922,186,65,3438,13.01,7.0,1,0,0.8455034588777863
White,0,0,1,4,Unkonwn,0,0,2,50279,4512,0.6185697153316922,186,81,2779,0.01,0.0,0,1,0.0
White,0,2,5,88,White,5,1,5,50279,4512,0.6185697153316922,186,78,2826,42.01,2.0,0,1,0.8569388240895025
White,0,0,1,5,Unkonwn,0,0,1,50279,4512,0.6185697153316922,186,65,3438,13.01,7.0,1,0,0.8455034588777863
API,10,2,2,42,Unkonwn,0,2,1,50279,4512,0.6185697153316922,186,156,1953,35.01,0.0,0,1,0.8283347614967153
API,0,0,1,97,Unkonwn,0,0,1,50279,4512,0.6185697153316922,186,13,770,11.01,10.0,0,1,0.6357856494096277
White,0,0,1,2,Unkonwn,0,0,1,50279,4512,0.6185697153316922,186,9,3610,5.01,0.0,0,0,0.9980039920159681
API,0,0,1,9,Unkonwn,0,0,1,50279,4512,0.6185697153316922,186,43,1936,38.01,6.0,0,1,0.6577216521967904
White,0,0,1,3,Unkonwn,0,0,1,50279,4512,0.6185697153316922,186,65,3438,13.01,7.0,1,0,0.8455034588777863
Unkonwn,0,1,2,33,White,0,0,1,50279,4512,0.6185697153316922,186,73,2683,15.01,11.0,1,0,0.6662225183211192
White,0,0,2,11,Unkonwn,0,0,1,50279,4512,0.6185697153316922,186,63,2948,60.01,0.0,0,0,0.7665389101816364
Unkonwn,0,1,1,2,White,0,0,1,50279,4512,0.6185697153316922,186,73,2683,15.01,11.0,1,0,0.6662225183211192
White,0,3,1,2,Unkonwn,0,0,1,50279,4512,0.6185697153316922,186,0,1944,0.01,0.0,0,0,0.0
White,0,0,5,36,Unkonwn,1,1,2,50279,4512,0.6185697153316922,186,65,3438,13.01,7.0,1,0,0.8455034588777863
Unkonwn,0,0,1,4,White,0,0,1,50279,4512,0.6185697153316922,186,73,2683,15.01,11.0,1,0,0.6662225183211192
White,3,3,2,17,Unkonwn,1,1,2,50279,4512,0.6185697153316922,186,51,1325,30.009999999999998,25.0,1,0,0.4665111629456848
Unkonwn,0,1,2,6,White,0,0,1,50279,4512,0.6185697153316922,186,73,2683,15.01,11.0,1,0,0.6662225183211192
White,0,0,1,2,Unkonwn,0,0,1,50279,4512,0.6185697153316922,186,39,3764,1.01,0.0,0,1,0.9900990099009901
White,0,0,1,4,Unkonwn,0,0,1,50279,4512,0.6185697153316922,186,0,3014,1.01,0.0,0,1,0.9900990099009901
White,2,0,2,4,Unkonwn,0,0,1,50279,4512,0.6185697153316922,186,65,3438,13.01,7.0,1,0,0.8455034588777863
Unkonwn,0,64,4,14,Unkonwn,1,1,2,50279,4512,0.6185697153316922,186,26,2715,20.009999999999998,0.0,0,0,0.44977511244377816
Unkonwn,0,0,1,4,Unkonwn,0,1,1,50279,4512,0.6185697153316922,186,26,2715,20.009999999999998,0.0,0,0,0.44977511244377816
Unkonwn,0,0,2,7,Unkonwn,0,0,1,50279,4512,0.6185697153316922,186,45,2873,0.01,0.0,0,1,0.0
API,0,0,2,6,Unkonwn,0,0,1,50279,4512,0.6185697153316922,186,43,1936,38.01,6.0,0,1,0.6577216521967904
Unkonwn,0,2,1,26,White,0,0,1,50279,4512,0.6185697153316922,186,73,2683,15.01,11.0,1,0,0.6662225183211192
Unkonwn,47,0,1,2,White,0,0,1,50279,4512,0.6185697153316922,186,3,2341,2.01,0.0,0,0,0.9950248756218907
Unkonwn,0,10,1,12,White,0,0,1,50279,4512,0.6185697153316922,186,73,2683,15.01,11.0,1,0,0.6662225183211192
White,0,0,2,31,Unkonwn,0,0,1,50279,4512,0.6185697153316922,186,51,1325,30.009999999999998,25.0,1,0,0.4665111629456848
Unkonwn,0,0,1,3,White,0,0,1,50279,4512,0.6185697153316922,186,73,2683,15.01,11.0,1,0,0.6662225183211192
Unkonwn,0,2,3,43,White,1,0,2,50279,4512,0.6185697153316922,186,73,2683,15.01,11.0,1,0,0.6662225183211192
White,0,0,2,16,White,1,0,2,50279,4512,0.6185697153316922,186,4,2640,52.01,0.0,0,0,0.8844452989809652
White,0,0,1,18,Unkonwn,0,0,2,50279,4512,0.6185697153316922,186,65,3438,13.01,7.0,1,0,0.8455034588777863
Unkonwn,0,1,2,14,White,0,0,1,50279,4512,0.6185697153316922,186,73,2683,15.01,11.0,1,0,0.6662225183211192
White,0,0,1,8,Unkonwn,0,0,1,50279,4512,0.6185697153316922,186,65,3438,13.01,7.0,1,0,0.8455034588777863
White,0,0,1,4,Unkonwn,0,0,1,50279,4512,0.6185697153316922,186,20,4080,6.01,0.0,0,0,0.9983361064891847
Unkonwn,0,0,3,25,Unkonwn,0,0,1,50279,4512,0.6185697153316922,186,45,2873,0.01,0.0,0,1,0.0
API,0,0,2,13,Unkonwn,2,2,3,50279,4512,0.6185697153316922,186,43,1936,38.01,6.0,0,1,0.6577216521967904
Unkonwn,0,1,2,42,White,1,0,2,50279,4512,0.6185697153316922,186,73,2683,15.01,11.0,1,0,0.6662225183211192
API,0,0,1,4,Unkonwn,0,0,1,50279,4512,0.6185697153316922,186,43,1936,38.01,6.0,0,1,0.6577216521967904
Unkonwn,0,2,1,11,Unkonwn,5,3,6,50279,4512,0.6185697153316922,186,4,2298,0.01,0.0,0,1,0.0
Unkonwn,0,5,1,4,White,0,0,1,50279,4512,0.6185697153316922,186,73,2683,15.01,11.0,1,0,0.6662225183211192
Unkonwn,0,0,2,7,White,0,0,1,50279,4512,0.6185697153316922,186,73,2683,15.01,11.0,1,0,0.6662225183211192
Unkonwn,0,0,1,6,Unkonwn,0,0,1,50279,4512,0.6185697153316922,186,45,2873,0.01,0.0,0,1,0.0
White,0,0,2,17,Unkonwn,0,0,1,50279,4512,0.6185697153316922,186,65,3438,13.01,7.0,1,0,0.8455034588777863
API,0,0,1,54,Unkonwn,0,0,1,50279,4512,0.6185697153316922,186,13,770,11.01,10.0,0,1,0.6357856494096277
Unkonwn,0,0,1,2,White,1,0,1,50279,4512,0.6185697153316922,186,73,2683,15.01,11.0,1,0,0.6662225183211192
Unkonwn,0,1,1,6,White,0,0,1,50279,4512,0.6185697153316922,186,73,2683,15.01,11.0,1,0,0.6662225183211192
Unkonwn,0,2,4,16,Unkonwn,0,1,2,50279,4512,0.6185697153316922,186,45,2873,0.01,0.0,0,1,0.0
API,0,4,2,10,White,0,0,1,50279,4512,0.6185697153316922,186,3,3274,0.01,0.0,0,0,0.0
White,0,1,1,7,Unkonwn,0,0,1,50279,4512,0.6185697153316922,186,63,2948,60.01,0.0,0,0,0.7665389101816364
Unkonwn,0,0,2,16,White,0,0,1,50279,4512,0.6185697153316922,186,73,2683,15.01,11.0,1,0,0.6662225183211192
Unkonwn,0,0,1,1,Unkonwn,0,0,1,50279,4512,0.6185697153316922,186,45,2873,0.01,0.0,0,1,0.0
Unkonwn,0,0,1,1,White,0,0,1,50279,4512,0.6185697153316922,186,73,2683,15.01,11.0,1,0,0.6662225183211192
Unkonwn,0,0,1,16,White,0,0,1,50279,4512,0.6185697153316922,186,73,2683,15.01,11.0,1,0,0.6662225183211192
Unkonwn,0,9,1,2,Unkonwn,0,0,1,50279,4512,0.6185697153316922,186,9,3020,0.01,0.0,0,1,0.0
Unkonwn,0,9,1,2,Unkonwn,0,0,1,50279,4512,0.6185697153316922,186,9,3020,0.01,0.0,0,1,0.0
API,0,0,1,1,Unkonwn,0,0,1,50279,4512,0.6185697153316922,186,43,1936,38.01,6.0,0,1,0.6577216521967904
Unkonwn,0,0,1,4,White,0,0,1,50279,4512,0.6185697153316922,186,73,2683,15.01,11.0,1,0,0.6662225183211192
Unkonwn,0,0,1,3,White,0,0,1,50279,4512,0.6185697153316922,186,73,2683,15.01,11.0,1,0,0.6662225183211192
White,0,0,1,2,Unkonwn,0,0,1,50279,4512,0.6185697153316922,186,65,3438,13.01,7.0,1,0,0.8455034588777863
Unkonwn,0,0,1,2,White,0,0,1,50279,4512,0.6185697153316922,186,73,2683,15.01,11.0,1,0,0.6662225183211192
White,0,0,1,2,Unkonwn,0,0,1,50279,4512,0.6185697153316922,186,65,3438,13.01,7.0,1,0,0.8455034588777863
White,0,0,3,27,Unkonwn,1,3,1,50279,4512,0.6185697153316922,186,65,3438,13.01,7.0,1,0,0.8455034588777863
White,0,0,6,49,Unkonwn,1,2,2,50279,4512,0.6185697153316922,186,65,3438,13.01,7.0,1,0,0.8455034588777863
White,0,0,1,3,White,0,0,1,50279,4512,0.6185697153316922,186,65,3438,13.01,7.0,1,0,0.8455034588777863
Unkonwn,0,0,1,18,White,0,0,1,50279,4512,0.6185697153316922,186,73,2683,15.01,11.0,1,0,0.6662225183211192
API,0,0,2,13,Unkonwn,1,0,2,50279,4512,0.6185697153316922,186,78,2219,5.01,1.0,0,0,0.5988023952095809
White,0,0,1,5,Unkonwn,0,0,1,50279,4512,0.6185697153316922,186,65,3438,13.01,7.0,1,0,0.8455034588777863
Unkonwn,0,0,1,84,White,1,0,2,50279,4512,0.6185697153316922,186,73,2683,15.01,11.0,1,0,0.6662225183211192
Unkonwn,0,0,1,2,White,0,0,1,50279,4512,0.6185697153316922,186,73,2683,15.01,11.0,1,0,0.6662225183211192
White,0,0,1,43,Unkonwn,0,0,1,50279,4512,0.6185697153316922,186,65,3438,13.01,7.0,1,0,0.8455034588777863
White,0,0,1,2,White,0,0,1,50279,4512,0.6185697153316922,186,39,3764,1.01,0.0,0,1,0.9900990099009901
Unkonwn,0,0,1,8,White,0,0,1,50279,4512,0.6185697153316922,186,73,2683,15.01,11.0,1,0,0.6662225183211192
Unkonwn,0,3,7,152,White,1,1,2,50279,4512,0.6185697153316922,186,73,2683,15.01,11.0,1,0,0.6662225183211192
Unkonwn,0,0,1,2,White,0,0,1,50279,4512,0.6185697153316922,186,73,2683,15.01,11.0,1,0,0.6662225183211192
White,0,0,1,2,Unkonwn,0,0,1,50279,4512,0.6185697153316922,186,65,3438,13.01,7.0,1,0,0.8455034588777863
White,0,0,1,2,Unkonwn,0,0,1,50279,4512,0.6185697153316922,186,65,3438,13.01,7.0,1,0,0.8455034588777863
White,0,0,1,5,Unkonwn,0,0,1,50279,4512,0.6185697153316922,186,4,2754,12.01,0.0,0,0,0.9991673605328892
White,0,0,1,4,Unkonwn,0,0,1,50279,4512,0.6185697153316922,186,65,3438,13.01,7.0,1,0,0.8455034588777863
Unkonwn,0,0,1,53,White,0,0,1,50279,4512,0.6185697153316922,186,73,2683,15.01,11.0,1,0,0.6662225183211192
API,0,0,1,2,Unkonwn,0,0,1,50279,4512,0.6185697153316922,186,43,1936,38.01,6.0,0,1,0.6577216521967904
API,0,0,1,5,Unkonwn,1,0,1,50279,4512,0.6185697153316922,186,43,1936,38.01,6.0,0,1,0.6577216521967904
White,0,0,1,4,Unkonwn,0,0,1,50279,4512,0.6185697153316922,186,65,3438,13.01,7.0,1,0,0.8455034588777863
Unkonwn,3,0,2,59,Unkonwn,0,2,1,50279,4512,0.6185697153316922,186,0,1203,0.01,0.0,0,0,0.0
White,0,1,3,10,Unkonwn,0,0,1,50279,4512,0.6185697153316922,186,65,3438,13.01,7.0,1,0,0.8455034588777863
API,0,0,1,7,White,0,0,1,50279,4512,0.6185697153316922,186,13,770,11.01,10.0,0,1,0.6357856494096277
API,0,0,1,4,Unkonwn,0,0,1,50279,4512,0.6185697153316922,186,13,770,11.01,10.0,0,1,0.6357856494096277
Unkonwn,2,3,6,98,White,0,0,1,50279,4512,0.6185697153316922,186,73,2683,15.01,11.0,1,0,0.6662225183211192
Unkonwn,2,0,3,12,Unkonwn,1,1,2,50279,4512,0.6185697153316922,186,0,1203,0.01,0.0,0,0,0.0
Unkonwn,0,0,1,4,Unkonwn,0,0,2,50279,4512,0.6185697153316922,186,11,3107,21.009999999999998,17.0,0,1,0.6187529747739172
Unkonwn,0,0,1,2,White,0,0,1,50279,4512,0.6185697153316922,186,9,3384,10.01,0.0,0,1,0.999000999000999
API,0,0,1,2,Unkonwn,1,1,1,50279,4512,0.6185697153316922,186,43,1936,38.01,6.0,0,1,0.6577216521967904
White,0,0,1,2,Unkonwn,0,0,1,50279,4512,0.6185697153316922,186,51,1325,30.009999999999998,25.0,1,0,0.4665111629456848
Unkonwn,0,0,1,3,White,0,0,1,50279,4512,0.6185697153316922,186,73,2683,15.01,11.0,1,0,0.6662225183211192
API,0,0,1,3,Unkonwn,0,0,1,50279,4512,0.6185697153316922,186,13,770,11.01,10.0,0,1,0.6357856494096277
Unkonwn,0,0,1,6,White,0,0,1,50279,4512,0.6185697153316922,186,73,2683,15.01,11.0,1,0,0.6662225183211192
White,0,0,6,83,Unkonwn,0,0,1,50279,4512,0.6185697153316922,186,65,3438,13.01,7.0,1,0,0.8455034588777863
White,0,0,2,31,Unkonwn,0,0,1,50279,4512,0.6185697153316922,186,65,3438,13.01,7.0,1,0,0.8455034588777863
White,0,0,13,1350,Unkonwn,0,0,3,50279,4512,0.6185697153316922,186,98,3919,13.01,0.0,0,1,0.9992313604919293
Unkonwn,0,0,2,4,Unkonwn,0,0,1,50279,4512,0.6185697153316922,186,1,1261,0.01,0.0,0,1,0.0
White,0,0,1,7,Unkonwn,0,0,1,50279,4512,0.6185697153316922,186,65,3438,13.01,7.0,1,0,0.8455034588777863
Unkonwn,0,0,1,2,White,0,0,1,50279,4512,0.6185697153316922,186,45,2873,0.01,0.0,0,1,0.0
White,0,0,1,6,White,0,0,1,50279,4512,0.6185697153316922,186,201,2799,13.01,4.0,1,1,0.7686395080707148
Unkonwn,0,1,1,2,White,0,0,1,50279,4512,0.6185697153316922,186,9,3020,0.01,0.0,0,1,0.0
White,0,0,1,2,Unkonwn,0,0,1,50279,4512,0.6185697153316922,186,99,3866,0.01,0.0,0,0,0.0
API,0,0,1,1,White,0,0,1,50279,4512,0.6185697153316922,186,13,770,11.01,10.0,0,1,0.6357856494096277
White,0,0,1,8,White,0,0,1,50279,4512,0.6185697153316922,186,0,1133,0.01,0.0,0,0,0.0
White,0,1,1,24,Unkonwn,1,0,2,50279,4512,0.6185697153316922,186,0,1133,0.01,0.0,0,0,0.0
Unkonwn,0,2,1,4,White,0,0,1,50279,4512,0.6185697153316922,186,73,2683,15.01,11.0,1,0,0.6662225183211192
White,0,24,10,2181,White,3,0,4,50279,4512,0.6185697153316922,186,78,2826,42.01,2.0,0,1,0.8569388240895025
White,0,0,1,4,Unkonwn,0,0,1,50279,4512,0.6185697153316922,186,65,3438,13.01,7.0,1,0,0.8455034588777863
Unkonwn,0,1,1,13,White,0,0,1,50279,4512,0.6185697153316922,186,73,2683,15.01,11.0,1,0,0.6662225183211192
White,0,13,2,4,Unkonwn,3,0,4,50279,4512,0.6185697153316922,186,2,1974,0.01,0.0,0,1,0.0
Unkonwn,0,0,1,1,Unkonwn,0,0,1,50279,4512,0.6185697153316922,186,45,2873,0.01,0.0,0,1,0.0
Unkonwn,0,1,2,24,White,0,0,1,50279,4512,0.6185697153316922,186,73,2683,15.01,11.0,1,0,0.6662225183211192
White,0,0,1,54,Unkonwn,2,1,3,50279,4512,0.6185697153316922,186,65,3438,13.01,7.0,1,0,0.8455034588777863
White,0,0,1,5,Unkonwn,0,0,1,50279,4512,0.6185697153316922,186,65,3438,13.01,7.0,1,0,0.8455034588777863
Unkonwn,0,0,1,4,White,0,0,1,50279,4512,0.6185697153316922,186,73,2683,15.01,11.0,1,0,0.6662225183211192
White,0,0,2,9,Unkonwn,0,0,1,50279,4512,0.6185697153316922,186,65,3438,13.01,7.0,1,0,0.8455034588777863
White,0,0,1,2,Unkonwn,0,0,1,50279,4512,0.6185697153316922,186,151,1673,4.01,3.0,1,1,0.7481296758104738
API,3,2,1,1,Unkonwn,1,0,1,50279,4512,0.6185697153316922,186,13,770,11.01,10.0,0,1,0.6357856494096277
White,5,46,3,28,White,1,1,2,50279,4512,0.6185697153316922,186,3,1995,13.01,0.0,0,0,0.8455034588777863
Unkonwn,0,0,1,22,White,0,0,1,50279,4512,0.6185697153316922,186,73,2683,15.01,11.0,1,0,0.6662225183211192
Unkonwn,0,0,1,9,White,0,0,1,50279,4512,0.6185697153316922,186,73,2683,15.01,11.0,1,0,0.6662225183211192
API,0,0,1,2,Unkonwn,1,0,2,50279,4512,0.6185697153316922,186,45,2595,3.01,0.0,0,1,0.0
Unkonwn,0,0,1,3,White,0,0,1,50279,4512,0.6185697153316922,186,73,2683,15.01,11.0,1,0,0.6662225183211192
White,0,0,1,49,Unkonwn,0,0,1,50279,4512,0.6185697153316922,186,65,3438,13.01,7.0,1,0,0.8455034588777863
Unkonwn,0,0,2,4,White,0,0,1,50279,4512,0.6185697153316922,186,73,2683,15.01,11.0,1,0,0.6662225183211192
White,0,0,1,2,Unkonwn,0,0,1,50279,4512,0.6185697153316922,186,404,4100,39.01,0.0,0,0,0.6408613176108691
Unkonwn,0,0,1,3,Unkonwn,1,1,2,50279,4512,0.6185697153316922,186,45,2873,0.01,0.0,0,1,0.0
Unkonwn,0,0,1,6,White,0,1,1,50279,4512,0.6185697153316922,186,73,2683,15.01,11.0,1,0,0.6662225183211192
White,0,1,2,20,Unkonwn,1,0,2,50279,4512,0.6185697153316922,186,56,3958,33.01,0.0,0,0,0.9391093607997577
API,0,3,4,82,Unkonwn,0,1,1,50279,4512,0.6185697153316922,186,13,770,11.01,10.0,0,1,0.6357856494096277
White,0,0,1,1,Unkonwn,0,0,1,50279,4512,0.6185697153316922,186,201,2799,13.01,4.0,1,1,0.7686395080707148
Unkonwn,0,0,1,2,White,0,0,1,50279,4512,0.6185697153316922,186,73,2683,15.01,11.0,1,0,0.6662225183211192
Unkonwn,0,0,1,11,White,0,0,1,50279,4512,0.6185697153316922,186,73,2683,15.01,11.0,1,0,0.6662225183211192
Unkonwn,0,0,1,2,Unkonwn,0,0,1,50279,4512,0.6185697153316922,186,45,2873,0.01,0.0,0,1,0.0
Unkonwn,0,0,2,10,White,0,0,1,50279,4512,0.6185697153316922,186,73,2683,15.01,11.0,1,0,0.6662225183211192
Unkonwn,0,0,2,18,White,0,0,1,50279,4512,0.6185697153316922,186,73,2683,15.01,11.0,1,0,0.6662225183211192
Unkonwn,0,0,1,1,White,0,0,1,50279,4512,0.6185697153316922,186,73,2683,15.01,11.0,1,0,0.6662225183211192
Unkonwn,0,17,6,45,Unkonwn,2,0,3,50279,4512,0.6185697153316922,186,32,2919,0.01,0.0,0,0,0.0
Unkonwn,0,0,1,2,Unkonwn,1,0,1,50279,4512,0.6185697153316922,186,32,2919,0.01,0.0,0,0,0.0
Unkonwn,0,0,1,2,Unkonwn,0,0,1,50279,4512,0.6185697153316922,186,11,3107,21.009999999999998,17.0,0,1,0.6187529747739172
Unkonwn,7,0,1,2,Unkonwn,0,0,1,50279,4512,0.6185697153316922,186,45,2873,0.01,0.0,0,1,0.0
Unkonwn,1,0,5,14,White,0,0,1,50279,4512,0.6185697153316922,186,73,2683,15.01,11.0,1,0,0.6662225183211192
Unkonwn,8,0,6,23,Unkonwn,0,0,2,50279,4512,0.6185697153316922,186,45,2873,0.01,0.0,0,1,0.0
API,4,2,1,2,Unkonwn,0,0,1,50279,4512,0.6185697153316922,186,125,3007,1.01,0.0,0,0,0.0
White,4,3,1,4,Unkonwn,0,0,1,50279,4512,0.6185697153316922,186,65,3438,13.01,7.0,1,0,0.8455034588777863
White,4,3,1,18,White,0,0,1,50279,4512,0.6185697153316922,186,114,3114,36.01,0.0,0,0,0.22216051096917525
API,7,7,1,4,Unkonwn,0,0,1,50279,4512,0.6185697153316922,186,13,770,11.01,10.0,0,1,0.6357856494096277
White,0,202,4,8,White,0,0,4,50279,4512,0.6185697153316922,186,0,479,0.01,0.0,0,0,0.0
Unkonwn,0,23,4,171,White,1,1,2,50279,4512,0.6185697153316922,186,73,2683,15.01,11.0,1,0,0.6662225183211192
Unkonwn,0,32,3,44,White,0,0,1,50279,4512,0.6185697153316922,186,73,2683,15.01,11.0,1,0,0.6662225183211192
Unkonwn,0,0,1,2,White,0,0,1,50279,4512,0.6185697153316922,186,79,2881,1.01,0.0,0,0,0.9900990099009901
White,0,389,1,2,Unkonwn,1,0,2,50279,4512,0.6185697153316922,186,19,3816,13.01,0.0,0,1,0.9992313604919293
Unkonwn,0,77,1,6,Unkonwn,0,0,1,50279,4512,0.6185697153316922,186,4,2298,0.01,0.0,0,1,0.0
API,73,1,3,17,Unkonwn,1,1,1,50279,4512,0.6185697153316922,186,43,1936,38.01,6.0,0,1,0.6577216521967904
API,0,125,1,13,Unkonwn,0,1,1,50279,4512,0.6185697153316922,186,13,770,11.01,10.0,0,1,0.6357856494096277
White,1,129,1,20,Unkonwn,1,1,2,50279,4512,0.6185697153316922,186,63,2948,60.01,0.0,0,0,0.7665389101816364
API,0,62,1,6,White,0,0,1,50279,4512,0.6185697153316922,186,9,2192,0.01,0.0,0,0,0.0
Unkonwn,0,92,1,2,White,0,0,1,50279,4512,0.6185697153316922,186,5,3901,0.01,0.0,0,1,0.0
Unkonwn,0,2,1,31,Unkonwn,0,0,1,50279,4512,0.6185697153316922,186,73,2683,15.01,11.0,1,0,0.6662225183211192
White,0,0,1,2,White,0,0,1,50279,4512,0.6185697153316922,186,16,2343,11.01,0.0,0,0,0.36330608537693004
White,1,0,2,55,Unkonwn,0,0,2,50279,4512,0.6185697153316922,186,3,1334,0.01,0.0,0,1,0.0
White,15,98,1,1,Unkonwn,0,0,1,50279,4512,0.6185697153316922,186,201,2799,13.01,4.0,1,1,0.7686395080707148
API,0,113,1,7,Unkonwn,0,0,1,50279,4512,0.6185697153316922,186,13,770,11.01,10.0,0,1,0.6357856494096277
White,0,0,1,9,White,0,0,1,50279,4512,0.6185697153316922,186,31,3781,0.01,0.0,0,0,0.0
White,6,0,1,6,White,1,0,2,50279,4512,0.6185697153316922,186,2,2890,4.01,0.0,0,1,0.49875311720698257
API,0,161,1,3,Unkonwn,0,0,1,50279,4512,0.6185697153316922,186,43,1936,38.01,6.0,0,1,0.6577216521967904
Unkonwn,3,0,1,4,White,0,0,1,50279,4512,0.6185697153316922,186,16,1019,34.01,2.0,0,1,0.8232872684504557
API,2,0,1,1,White,0,0,1,50279,4512,0.6185697153316922,186,13,770,11.01,10.0,0,1,0.6357856494096277
White,9,169,1,506,Unkonwn,8,3,9,50279,4512,0.6185697153316922,186,37,3645,33.01,1.0,0,1,0.757346258709482
Unkonwn,6,0,1,3,White,0,0,1,50279,4512,0.6185697153316922,186,73,2683,15.01,11.0,1,0,0.6662225183211192
Unkonwn,21,0,1,1,White,0,0,1,50279,4512,0.6185697153316922,186,73,2683,15.01,11.0,1,0,0.6662225183211192
White,2,0,1,5,White,0,0,1,50279,4512,0.6185697153316922,186,10,4270,0.01,0.0,0,0,0.0
Hispanic,2,0,1,2,White,0,0,1,50279,4512,0.6185697153316922,186,0,2759,0.01,0.0,0,0,0.0
White,3,0,1,2,White,0,0,1,50279,4512,0.6185697153316922,186,201,2799,13.01,4.0,1,1,0.7686395080707148
