pr_author_login,pr_author_name,pr_create_at,pr_merged_at,pr_changed_files,pr_LOC,pr_reviewers,pr_first_review_at,pr_review_commits,pr_review_comments,pr_commits,repo_stars,repo_created_at,repo_external_contribution,repo_team_size,user_followers,user_created_at,user_experience,user_repo_experience,user_main_member,user_watched,user_succ_rate
felixxm,Mariusz Felisiak,2021-07-29T10:08:10Z,2021-07-29T17:11:43Z,4,24,"{'Carlton Gibson', 'Hasan Ramezani'}",2021-07-29 10:10:57,0,0,1,58776,2012-04-28T02:47:18Z,0.7351303185564714,104,428,2012-11-22T20:10:35Z,34.01,29.0,1,1,0.7350779182593355
felixxm,Mariusz Felisiak,2021-07-29T08:19:18Z,2021-07-29T09:54:14Z,1,3,"{'Nick Pope', 'Mariusz Felisiak'}",2021-07-29 08:26:47,0,1,1,58776,2012-04-28T02:47:18Z,0.7351303185564714,104,428,2012-11-22T20:10:35Z,34.01,29.0,1,1,0.7350779182593355
smithdc1,David Smith,2021-07-28T07:35:06Z,2021-07-29T04:46:57Z,113,532,"{'David Smith', 'Chris Jerdonek', 'Mariusz Felisiak'}",2021-07-28 07:52:14,0,21,1,58776,2012-04-28T02:47:18Z,0.7351303185564714,104,16,2018-05-19T21:10:34Z,43.01,8.0,0,0,0.6975122064636131
chrishna1,Bal Krishna Jha,2021-07-27T19:10:49Z,2021-07-28T10:18:58Z,3,430,"{'Bal Krishna Jha', 'Chris Jerdonek'}",2021-07-27 19:47:42,1,7,1,58776,2012-04-28T02:47:18Z,0.7351303185564714,104,7,2017-02-26T23:01:11Z,4.01,1.0,0,1,0.49875311720698257
abhiabhi94,Abhyudai,2021-07-27T13:40:37Z,2021-07-29T04:51:09Z,1,2,"{'Abhyudai', 'Nick Pope', 'Rohith PR'}",2021-07-27 17:04:57,0,2,1,58776,2012-04-28T02:47:18Z,0.7351303185564714,104,10,2015-08-20T04:11:16Z,37.01,8.0,0,1,0.9186706295595786
cuu508,Pēteris Caune,2021-07-27T10:57:39Z,2021-07-28T10:51:13Z,1,2,{'Keryn Knight'},2021-07-28 09:22:14,0,0,1,58776,2012-04-28T02:47:18Z,0.7351303185564714,104,70,2011-03-10T12:14:40Z,13.01,1.0,0,0,0.46118370484242893
smithdc1,David Smith,2021-07-27T07:08:20Z,2021-07-27T08:41:51Z,18,69,"{'David Smith', 'Mariusz Felisiak'}",2021-07-27 07:37:21,0,3,1,58776,2012-04-28T02:47:18Z,0.7351303185564714,104,16,2018-05-19T21:10:34Z,43.01,8.0,0,0,0.6975122064636131
cjerdonek,Chris Jerdonek,2021-07-26T17:00:31Z,2021-07-27T19:56:36Z,2,75,"{'Chris Jerdonek', 'Mariusz Felisiak'}",2021-07-27 06:09:22,1,3,2,58776,2012-04-28T02:47:18Z,0.7351303185564714,104,192,2010-08-06T03:04:24Z,14.01,14.0,0,0,0.92790863668808
baidoosik,Jordan Bae,2021-07-26T15:01:29Z,2021-07-27T06:17:41Z,3,27,{'Mariusz Felisiak'},2021-07-27 05:00:25,0,1,1,58776,2012-04-28T02:47:18Z,0.7351303185564714,104,10,2016-10-27T08:28:30Z,1.01,1.0,0,1,0.9900990099009901
kezabelle,Keryn Knight,2021-07-26T14:43:20Z,2021-07-28T08:45:21Z,11,103,"{'Keryn Knight', 'Mariusz Felisiak'}",2021-07-26 14:45:40,1,7,2,58776,2012-04-28T02:47:18Z,0.7351303185564714,104,34,2009-08-22T21:31:11Z,12.01,12.0,0,1,0.6661115736885929
felixxm,Mariusz Felisiak,2021-07-26T11:31:26Z,2021-07-27T05:05:46Z,1,31,"{'Jacob Walls', 'Nick Pope', 'Mariusz Felisiak'}",2021-07-26 12:48:25,0,2,1,58776,2012-04-28T02:47:18Z,0.7351303185564714,104,428,2012-11-22T20:10:35Z,34.01,29.0,1,1,0.7350779182593355
smithdc1,David Smith,2021-07-26T07:35:15Z,2021-07-28T10:56:57Z,3,6,"{'David Smith', 'Mariusz Felisiak'}",2021-07-26 21:49:41,0,2,2,58776,2012-04-28T02:47:18Z,0.7351303185564714,104,16,2018-05-19T21:10:34Z,43.01,8.0,0,0,0.6975122064636131
David-Wobrock,David Wobrock,2021-07-24T06:21:01Z,2021-07-26T07:49:37Z,2,59,"{'Keryn Knight', 'David Wobrock', 'Chris Jerdonek', 'Mariusz Felisiak'}",2021-07-24 10:48:43,0,6,1,58776,2012-04-28T02:47:18Z,0.7351303185564714,104,36,2014-08-28T17:58:26Z,18.009999999999998,2.0,0,1,0.8883953359244865
cjerdonek,Chris Jerdonek,2021-07-23T14:27:59Z,2021-07-29T17:10:16Z,2,46,"{'Chris Jerdonek', 'Mariusz Felisiak'}",2021-07-23 14:56:04,0,2,2,58776,2012-04-28T02:47:18Z,0.7351303185564714,104,192,2010-08-06T03:04:24Z,14.01,14.0,0,0,0.92790863668808
abhiabhi94,Abhyudai,2021-07-23T08:49:46Z,2021-07-26T06:50:38Z,1,6,"{'Abhyudai', 'Chris Jerdonek', 'Mariusz Felisiak'}",2021-07-23 15:07:19,0,10,1,58776,2012-04-28T02:47:18Z,0.7351303185564714,104,10,2015-08-20T04:11:16Z,37.01,8.0,0,1,0.9186706295595786
virtosubogdan,Virtosu Bogdan,2021-07-22T08:51:12Z,2021-07-23T14:32:30Z,2,103,"{'Virtosu Bogdan', 'Chris Jerdonek', 'Mariusz Felisiak'}",2021-07-22 09:06:23,2,9,2,58776,2012-04-28T02:47:18Z,0.7351303185564714,104,8,2011-03-01T20:24:56Z,1.01,1.0,0,1,0.9900990099009901
felixxm,Mariusz Felisiak,2021-07-22T06:26:24Z,2021-07-22T07:42:07Z,2,49,"{'Mariusz Felisiak', 'Paolo Melchiorre', 'Chris Jerdonek', 'Hasan Ramezani'}",2021-07-22 06:39:25,0,2,1,58776,2012-04-28T02:47:18Z,0.7351303185564714,104,428,2012-11-22T20:10:35Z,34.01,29.0,1,1,0.7350779182593355
carltongibson,Carlton Gibson,2021-07-21T09:31:35Z,2021-07-21T10:32:39Z,1,4,{'Mariusz Felisiak'},2021-07-21 09:34:04,0,1,1,58776,2012-04-28T02:47:18Z,0.7351303185564714,104,903,2009-03-18T20:43:42Z,41.01,14.0,1,1,0.60960741282614
pope1ni,Nick Pope,2021-07-20T14:46:42Z,2021-07-22T07:41:13Z,10,54,"{'Nick Pope', 'Tim Graham', 'Mariusz Felisiak'}",2021-07-20 15:30:35,1,6,1,58776,2012-04-28T02:47:18Z,0.7351303185564714,104,62,2012-11-21T17:07:20Z,16.009999999999998,16.0,0,1,0.43722673329169276
tomwojcik,Tomasz Wójcik,2021-07-20T10:47:34Z,2021-07-26T04:41:32Z,6,54,"{'Tomasz Wójcik', 'Mariusz Felisiak'}",2021-07-21 06:07:48,0,4,1,58776,2012-04-28T02:47:18Z,0.7351303185564714,104,9,2015-03-02T20:14:34Z,9.01,1.0,0,1,0.9988901220865705
David-Wobrock,David Wobrock,2021-07-19T21:08:03Z,2021-07-20T11:38:25Z,2,15,"{'Chris Jerdonek', 'Mariusz Felisiak'}",2021-07-19 22:07:34,1,2,2,58776,2012-04-28T02:47:18Z,0.7351303185564714,104,36,2014-08-28T17:58:26Z,18.009999999999998,2.0,0,1,0.8883953359244865
kezabelle,Keryn Knight,2021-07-19T12:47:11Z,2021-07-20T09:59:21Z,2,15,"{'Keryn Knight', 'Mariusz Felisiak'}",2021-07-20 05:33:27,0,4,1,58776,2012-04-28T02:47:18Z,0.7351303185564714,104,34,2009-08-22T21:31:11Z,12.01,12.0,0,1,0.6661115736885929
jonathandavis4,Jonathan Davis,2021-07-19T11:52:59Z,2021-07-29T05:04:56Z,3,12,"{'Asif Saif Uddin', 'Mariusz Felisiak'}",2021-07-20 07:15:27,1,3,1,58776,2012-04-28T02:47:18Z,0.7351303185564714,104,1,2014-06-09T09:04:45Z,3.01,1.0,0,0,0.33222591362126247
pope1ni,Nick Pope,2021-07-18T18:37:20Z,2021-07-23T09:40:57Z,1,2,{'Abhyudai'},2021-07-23 06:48:14,1,0,2,58776,2012-04-28T02:47:18Z,0.7351303185564714,104,62,2012-11-21T17:07:20Z,16.009999999999998,16.0,0,1,0.43722673329169276
kezabelle,Keryn Knight,2021-07-18T13:21:53Z,2021-07-19T11:00:27Z,2,20,"{'Nick Pope', 'Chris Jerdonek'}",2021-07-18 17:05:20,0,3,1,58776,2012-04-28T02:47:18Z,0.7351303185564714,104,34,2009-08-22T21:31:11Z,12.01,12.0,0,1,0.6661115736885929
kezabelle,Keryn Knight,2021-07-18T11:06:26Z,2021-07-20T06:14:04Z,1,49,"{'Keryn Knight', 'Nick Pope', 'Simon Charette'}",2021-07-18 21:08:47,1,5,2,58776,2012-04-28T02:47:18Z,0.7351303185564714,104,34,2009-08-22T21:31:11Z,12.01,12.0,0,1,0.6661115736885929
cjerdonek,Chris Jerdonek,2021-07-17T19:16:36Z,2021-07-19T04:36:20Z,1,2,{'Nick Pope'},2021-07-18 13:20:40,0,0,1,58776,2012-04-28T02:47:18Z,0.7351303185564714,104,192,2010-08-06T03:04:24Z,14.01,14.0,0,0,0.92790863668808
jacobtylerwalls,Jacob Walls,2021-07-17T18:05:22Z,2021-07-19T04:35:40Z,1,6,{'Nick Pope'},2021-07-18 13:21:32,0,0,1,58776,2012-04-28T02:47:18Z,0.7351303185564714,104,14,2018-04-23T18:26:21Z,35.01,8.0,0,0,0.5712653527563554
cjerdonek,Chris Jerdonek,2021-07-16T12:03:41Z,2021-07-27T15:59:23Z,1,56,"{'Carlton Gibson', 'David Smith', 'Chris Jerdonek', 'Mariusz Felisiak'}",2021-07-16 12:27:20,0,18,1,58776,2012-04-28T02:47:18Z,0.7351303185564714,104,192,2010-08-06T03:04:24Z,14.01,14.0,0,0,0.92790863668808
whtsky,Wu Haotian,2021-07-16T09:07:35Z,2021-07-22T10:35:07Z,3,19,"{'Mariusz Felisiak', 'Wu Haotian'}",2021-07-21 11:23:50,1,7,2,58776,2012-04-28T02:47:18Z,0.7351303185564714,104,489,2011-06-26T12:43:40Z,50.01,2.0,0,1,0.9998000399920016
jacobtylerwalls,Jacob Walls,2021-07-15T22:45:37Z,2021-07-16T04:00:23Z,1,2,{'Nick Pope'},2021-07-15 23:11:41,0,0,1,58776,2012-04-28T02:47:18Z,0.7351303185564714,104,14,2018-04-23T18:26:21Z,35.01,8.0,0,0,0.5712653527563554
jacobtylerwalls,Jacob Walls,2021-07-15T22:20:33Z,2021-07-16T19:45:18Z,6,84,"{'Jacob Walls', 'Chris Jerdonek', 'Mariusz Felisiak'}",2021-07-16 00:58:53,0,6,1,58776,2012-04-28T02:47:18Z,0.7351303185564714,104,14,2018-04-23T18:26:21Z,35.01,8.0,0,0,0.5712653527563554
cjerdonek,Chris Jerdonek,2021-07-15T15:14:48Z,2021-07-16T14:38:59Z,3,66,"{'Chris Jerdonek', 'Carlton Gibson'}",2021-07-16 13:35:22,0,2,3,58776,2012-04-28T02:47:18Z,0.7351303185564714,104,192,2010-08-06T03:04:24Z,14.01,14.0,0,0,0.92790863668808
abhiabhi94,Abhyudai,2021-07-15T13:45:41Z,2021-07-26T10:37:59Z,2,71,"{'Keryn Knight', 'Abhyudai', 'Mariusz Felisiak'}",2021-07-15 14:27:56,0,13,1,58776,2012-04-28T02:47:18Z,0.7351303185564714,104,10,2015-08-20T04:11:16Z,37.01,8.0,0,1,0.9186706295595786
felixxm,Mariusz Felisiak,2021-07-14T10:24:33Z,2021-07-15T18:42:17Z,32,86,"{'Claude Paroz', 'Carlton Gibson'}",2021-07-15 07:37:57,0,0,1,58776,2012-04-28T02:47:18Z,0.7351303185564714,104,428,2012-11-22T20:10:35Z,34.01,29.0,1,1,0.7350779182593355
felixxm,Mariusz Felisiak,2021-07-13T15:37:03Z,2021-07-13T18:21:23Z,3,22,{'Carlton Gibson'},2021-07-13 15:50:11,0,0,1,58776,2012-04-28T02:47:18Z,0.7351303185564714,104,428,2012-11-22T20:10:35Z,34.01,29.0,1,1,0.7350779182593355
carltongibson,Carlton Gibson,2021-07-13T14:08:36Z,2021-07-14T08:42:55Z,10,130,"{'Demetris Stavrou', 'Carlton Gibson', 'Mariusz Felisiak'}",2021-07-13 14:09:37,0,9,1,58776,2012-04-28T02:47:18Z,0.7351303185564714,104,903,2009-03-18T20:43:42Z,41.01,14.0,1,1,0.60960741282614
cjerdonek,Chris Jerdonek,2021-07-13T09:16:48Z,2021-07-15T09:28:00Z,3,107,"{'Nick Pope', 'Chris Jerdonek', 'Carlton Gibson'}",2021-07-13 19:46:47,2,5,2,58776,2012-04-28T02:47:18Z,0.7351303185564714,104,192,2010-08-06T03:04:24Z,14.01,14.0,0,0,0.92790863668808
evildmp,Daniele Procida,2021-07-12T19:25:27Z,2021-07-13T07:25:38Z,15,90,"{'Unknown', 'Daniele Procida'}",2021-07-12 20:47:42,0,1,1,58776,2012-04-28T02:47:18Z,0.7351303185564714,104,221,2009-05-19T09:24:55Z,15.01,7.0,0,1,0.9327115256495669
felixxm,Mariusz Felisiak,2021-07-12T08:05:11Z,2021-07-12T09:46:38Z,2,16,{'Nick Pope'},2021-07-12 08:37:53,0,0,1,58776,2012-04-28T02:47:18Z,0.7351303185564714,104,428,2012-11-22T20:10:35Z,34.01,29.0,1,1,0.7350779182593355
cjerdonek,Chris Jerdonek,2021-07-09T20:16:50Z,2021-07-12T05:30:07Z,2,51,"{'Chris Jerdonek', 'Mariusz Felisiak'}",2021-07-12 04:39:47,0,2,1,58776,2012-04-28T02:47:18Z,0.7351303185564714,104,192,2010-08-06T03:04:24Z,14.01,14.0,0,0,0.92790863668808
wilhelmklopp,Wilhelm Klopp,2021-07-09T14:09:22Z,2021-07-13T04:29:21Z,1,5,{'Mariusz Felisiak'},2021-07-12 05:45:33,1,1,2,58776,2012-04-28T02:47:18Z,0.7351303185564714,104,280,2014-05-27T23:48:18Z,11.01,1.0,0,1,0.6357856494096277
felixxm,Mariusz Felisiak,2021-07-09T04:39:15Z,2021-07-09T05:38:31Z,1,15,"{'Chris Jerdonek', 'Mariusz Felisiak'}",2021-07-09 04:41:41,0,3,1,58776,2012-04-28T02:47:18Z,0.7351303185564714,104,428,2012-11-22T20:10:35Z,34.01,29.0,1,1,0.7350779182593355
willemarcel,Wille Marcel,2021-07-08T21:08:55Z,2021-07-09T18:17:17Z,1,4,"{'David Smith', 'Wille Marcel'}",2021-07-09 06:03:19,1,2,1,58776,2012-04-28T02:47:18Z,0.7351303185564714,104,123,2011-03-12T23:10:05Z,73.00999999999999,1.0,0,0,0.903985755375976
felixxm,Mariusz Felisiak,2021-07-08T08:11:35Z,2021-07-08T11:13:41Z,1,8,"{'Carlton Gibson', 'Hasan Ramezani'}",2021-07-08 08:32:27,0,0,1,58776,2012-04-28T02:47:18Z,0.7351303185564714,104,428,2012-11-22T20:10:35Z,34.01,29.0,1,1,0.7350779182593355
tiesjan,Ties Jan Hefting,2021-07-07T19:51:30Z,2021-07-15T05:42:49Z,6,45,"{'Ties Jan Hefting', 'Mariusz Felisiak'}",2021-07-13 09:13:12,1,2,1,58776,2012-04-28T02:47:18Z,0.7351303185564714,104,6,2013-10-06T14:30:03Z,3.01,1.0,0,1,0.9966777408637875
felixxm,Mariusz Felisiak,2021-07-07T10:25:01Z,2021-07-07T15:02:20Z,1,17,"{'Nick Pope', 'Adam Johnson', 'Mariusz Felisiak'}",2021-07-07 11:10:31,0,2,1,58776,2012-04-28T02:47:18Z,0.7351303185564714,104,428,2012-11-22T20:10:35Z,34.01,29.0,1,1,0.7350779182593355
felixxm,Mariusz Felisiak,2021-07-07T09:11:46Z,2021-07-08T04:51:10Z,4,23,"{'Mariusz Felisiak', 'Nick Pope', 'Hasan Ramezani'}",2021-07-07 09:33:00,0,7,1,58776,2012-04-28T02:47:18Z,0.7351303185564714,104,428,2012-11-22T20:10:35Z,34.01,29.0,1,1,0.7350779182593355
cjerdonek,Chris Jerdonek,2021-07-06T01:37:59Z,2021-07-23T09:40:00Z,3,184,"{'Shai Berger', 'Florian Apolloner', 'Chris Jerdonek', 'Mariusz Felisiak'}",2021-07-07 22:21:58,2,8,3,58776,2012-04-28T02:47:18Z,0.7351303185564714,104,192,2010-08-06T03:04:24Z,14.01,14.0,0,0,0.92790863668808
hramezani,Hasan Ramezani,2021-07-05T21:07:41Z,2021-07-13T09:15:35Z,1,4,"{'Mariusz Felisiak', 'Chris Jerdonek', 'Thomas Grainger', 'Hasan Ramezani'}",2021-07-06 18:29:16,1,5,1,58776,2012-04-28T02:47:18Z,0.7351303185564714,104,239,2012-12-25T18:04:47Z,49.01,6.0,0,1,0.7957559681697614
cjerdonek,Chris Jerdonek,2021-07-05T10:36:33Z,2021-07-05T13:21:23Z,1,10,{'Mariusz Felisiak'},2021-07-05 11:04:35,0,0,1,58776,2012-04-28T02:47:18Z,0.7351303185564714,104,192,2010-08-06T03:04:24Z,14.01,14.0,0,0,0.92790863668808
felixxm,Mariusz Felisiak,2021-07-05T10:09:58Z,2021-07-05T13:22:08Z,1,4,{'Nick Pope'},2021-07-05 11:04:42,0,0,1,58776,2012-04-28T02:47:18Z,0.7351303185564714,104,428,2012-11-22T20:10:35Z,34.01,29.0,1,1,0.7350779182593355
felixxm,Mariusz Felisiak,2021-07-05T08:55:51Z,2021-07-05T10:05:13Z,1,1,{'Hasan Ramezani'},2021-07-05 09:25:44,0,0,1,58776,2012-04-28T02:47:18Z,0.7351303185564714,104,428,2012-11-22T20:10:35Z,34.01,29.0,1,1,0.7350779182593355
Edald123,Eduardo Ahumada,2021-07-05T05:09:23Z,2021-07-05T07:00:12Z,4,31,{'Mariusz Felisiak'},2021-07-05 05:31:17,0,3,1,58776,2012-04-28T02:47:18Z,0.7351303185564714,104,0,2020-09-23T17:40:16Z,9.01,2.0,0,0,0.7769145394006659
evildmp,Daniele Procida,2021-07-04T07:15:49Z,2021-07-12T08:06:10Z,4,467,"{'Keryn Knight', 'Unknown', 'Daniele Procida', 'Mariusz Felisiak', 'Carlton Gibson'}",2021-07-04 11:46:37,0,21,1,58776,2012-04-28T02:47:18Z,0.7351303185564714,104,221,2009-05-19T09:24:55Z,15.01,7.0,0,1,0.9327115256495669
mateoradman,Mateo Radman,2021-07-02T17:46:06Z,2021-07-05T13:19:55Z,4,32,"{'Mateo Radman', 'Mariusz Felisiak'}",2021-07-05 11:39:18,0,2,1,58776,2012-04-28T02:47:18Z,0.7351303185564714,104,3,2019-03-10T22:44:50Z,4.01,4.0,0,0,0.7481296758104738
kezabelle,Keryn Knight,2021-07-02T14:26:24Z,2021-07-07T18:32:57Z,1,12,"{'Keryn Knight', 'Mariusz Felisiak'}",2021-07-06 09:40:07,0,3,1,58776,2012-04-28T02:47:18Z,0.7351303185564714,104,34,2009-08-22T21:31:11Z,12.01,12.0,0,1,0.6661115736885929
pope1ni,Nick Pope,2021-07-02T10:01:12Z,2021-07-02T13:36:54Z,5,32,"{'Nick Pope', 'Mariusz Felisiak'}",2021-07-02 10:33:10,0,4,1,58776,2012-04-28T02:47:18Z,0.7351303185564714,104,62,2012-11-21T17:07:20Z,16.009999999999998,16.0,0,1,0.43722673329169276
kezabelle,Keryn Knight,2021-07-01T11:17:55Z,2021-07-06T08:29:05Z,2,66,"{'Keryn Knight', 'Aymeric Augustin', 'Nick Pope', 'Mariusz Felisiak'}",2021-07-02 08:40:46,1,9,2,58776,2012-04-28T02:47:18Z,0.7351303185564714,104,34,2009-08-22T21:31:11Z,12.01,12.0,0,1,0.6661115736885929
abhiabhi94,Abhyudai,2021-07-01T07:38:03Z,2021-07-01T11:30:49Z,2,9,"{'Abhyudai', 'Mariusz Felisiak'}",2021-07-01 08:13:39,0,3,1,58776,2012-04-28T02:47:18Z,0.7351303185564714,104,10,2015-08-20T04:11:16Z,37.01,8.0,0,1,0.9186706295595786
carltongibson,Carlton Gibson,2021-07-01T07:05:01Z,2021-07-01T08:11:10Z,4,22,{'Mariusz Felisiak'},2021-07-01 08:03:39,0,0,2,58776,2012-04-28T02:47:18Z,0.7351303185564714,104,903,2009-03-18T20:43:42Z,41.01,14.0,1,1,0.60960741282614
evildmp,Daniele Procida,2021-06-30T21:27:18Z,2021-07-01T05:58:53Z,1,257,{'Mariusz Felisiak'},2021-07-01 05:32:07,0,1,2,58776,2012-04-28T02:47:18Z,0.7351303185564714,104,221,2009-05-19T09:24:55Z,15.01,7.0,0,1,0.9327115256495669
hannseman,Hannes Ljungberg,2021-06-30T20:11:47Z,2021-07-06T06:13:51Z,5,120,"{'Hannes Ljungberg', 'Simon Charette', 'Mariusz Felisiak'}",2021-06-30 20:27:55,0,9,1,58776,2012-04-28T02:47:18Z,0.7351303185564714,104,77,2011-04-29T11:51:58Z,11.01,6.0,0,1,0.8174386920980926
whtsky,Wu Haotian,2021-06-30T15:03:19Z,2021-07-05T08:59:40Z,3,21,"{'Unknown', 'Mariusz Felisiak', 'Nick Pope', 'Wu Haotian'}",2021-07-02 20:49:14,1,7,2,58776,2012-04-28T02:47:18Z,0.7351303185564714,104,489,2011-06-26T12:43:40Z,50.01,2.0,0,1,0.9998000399920016
evildmp,Daniele Procida,2021-06-28T14:08:55Z,2021-06-30T05:47:43Z,4,726,{'Mariusz Felisiak'},2021-06-29 05:39:26,0,1,1,58776,2012-04-28T02:47:18Z,0.7351303185564714,104,221,2009-05-19T09:24:55Z,15.01,7.0,0,1,0.9327115256495669
guettli,Thomas Güttler,2021-06-28T13:08:38Z,2021-06-30T19:02:10Z,1,9,{'Mariusz Felisiak'},2021-06-30 11:30:24,0,1,1,58776,2012-04-28T02:47:18Z,0.7351303185564714,104,61,2010-09-24T12:08:56Z,18.009999999999998,1.0,0,0,0.7773459189339257
felixxm,Mariusz Felisiak,2021-06-28T07:53:09Z,2021-06-29T18:24:00Z,1,158,{'Nick Pope'},2021-06-28 13:18:54,0,2,1,58776,2012-04-28T02:47:18Z,0.7351303185564714,104,428,2012-11-22T20:10:35Z,34.01,29.0,1,1,0.7350779182593355
evildmp,Daniele Procida,2021-06-27T09:03:06Z,2021-06-28T10:37:19Z,1,48,{'Mariusz Felisiak'},2021-06-28 09:47:13,0,0,1,58776,2012-04-28T02:47:18Z,0.7351303185564714,104,221,2009-05-19T09:24:55Z,15.01,7.0,0,1,0.9327115256495669
abhiabhi94,Abhyudai,2021-06-26T05:38:46Z,2021-06-29T05:41:14Z,4,34,"{'Abhyudai', 'Nick Pope', 'Paolo Melchiorre', 'Mariusz Felisiak'}",2021-06-26 09:20:37,0,28,1,58776,2012-04-28T02:47:18Z,0.7351303185564714,104,10,2015-08-20T04:11:16Z,37.01,8.0,0,1,0.9186706295595786
strokirk,Dan Strokirk,2021-06-24T15:21:31Z,2021-06-28T09:27:15Z,2,17,"{'Dan Strokirk', 'David Smith', 'Mariusz Felisiak'}",2021-06-24 17:11:17,0,10,1,58776,2012-04-28T02:47:18Z,0.7351303185564714,104,6,2011-12-12T15:41:03Z,14.01,1.0,0,1,0.5710206995003569
evildmp,Daniele Procida,2021-06-24T14:40:51Z,2021-06-26T13:16:01Z,1,66,"{'Daniele Procida', 'Mariusz Felisiak'}",2021-06-25 04:25:12,0,3,1,58776,2012-04-28T02:47:18Z,0.7351303185564714,104,221,2009-05-19T09:24:55Z,15.01,7.0,0,1,0.9327115256495669
evildmp,Daniele Procida,2021-06-24T10:52:09Z,2021-06-24T11:41:57Z,1,20,{'Mariusz Felisiak'},2021-06-24 11:06:35,1,1,2,58776,2012-04-28T02:47:18Z,0.7351303185564714,104,221,2009-05-19T09:24:55Z,15.01,7.0,0,1,0.9327115256495669
felixxm,Mariusz Felisiak,2021-06-24T08:42:26Z,2021-06-24T09:47:29Z,1,7,{'Hasan Ramezani'},2021-06-24 09:03:50,0,0,1,58776,2012-04-28T02:47:18Z,0.7351303185564714,104,428,2012-11-22T20:10:35Z,34.01,29.0,1,1,0.7350779182593355
hramezani,Hasan Ramezani,2021-06-21T14:58:44Z,2021-06-22T19:19:45Z,3,11,{'Mariusz Felisiak'},2021-06-22 05:23:24,0,2,1,58776,2012-04-28T02:47:18Z,0.7351303185564714,104,239,2012-12-25T18:04:47Z,49.01,6.0,0,1,0.7957559681697614
felixxm,Mariusz Felisiak,2021-06-21T09:35:00Z,2021-06-21T11:06:31Z,2,6,{'Carlton Gibson'},2021-06-21 11:00:36,0,0,1,58776,2012-04-28T02:47:18Z,0.7351303185564714,104,428,2012-11-22T20:10:35Z,34.01,29.0,1,1,0.7350779182593355
freakboy3742,Russell Keith-Magee,2021-06-21T06:27:50Z,2021-06-22T08:23:03Z,1,26,{'Carlton Gibson'},2021-06-22 08:19:58,1,0,2,58776,2012-04-28T02:47:18Z,0.7351303185564714,104,1329,2008-11-30T10:50:46Z,27.009999999999998,1.0,0,1,0.8885597926693818
mateoradman,Mateo Radman,2021-06-20T18:17:25Z,2021-06-25T05:42:48Z,7,47,"{'Mateo Radman', 'Mariusz Felisiak'}",2021-06-22 09:57:29,0,7,1,58776,2012-04-28T02:47:18Z,0.7351303185564714,104,3,2019-03-10T22:44:50Z,4.01,4.0,0,0,0.7481296758104738
adamchainz,Adam Johnson,2021-06-20T00:01:47Z,2021-06-23T04:08:10Z,1,34,{'Jon Dufresne'},2021-06-22 03:30:12,0,1,1,58776,2012-04-28T02:47:18Z,0.7351303185564714,104,1305,2011-06-17T23:53:10Z,101.00999999999999,0.0,0,1,0.9900009900009901
fengsp,Shipeng Feng,2021-06-19T11:31:16Z,2021-07-07T09:19:33Z,2,9,{'Mariusz Felisiak'},2021-07-07 06:18:38,1,1,1,58776,2012-04-28T02:47:18Z,0.7351303185564714,104,286,2012-12-07T03:48:50Z,3.01,1.0,0,1,0.6644518272425249
illia-v,Illia Volochii,2021-06-17T16:40:27Z,2021-06-21T11:42:01Z,1,9,{'Nick Pope'},2021-06-18 10:40:27,0,0,1,58776,2012-04-28T02:47:18Z,0.7351303185564714,104,6,2016-03-07T19:24:35Z,5.01,1.0,0,1,0.9980039920159681
Nrestrepo05,Nicolás Restrepo,2021-06-17T11:33:20Z,2021-06-22T19:59:20Z,3,21,"{'Mariusz Felisiak', 'Nicolás Restrepo'}",2021-06-22 06:05:11,0,2,1,58776,2012-04-28T02:47:18Z,0.7351303185564714,104,4,2018-09-21T05:14:21Z,9.01,1.0,0,0,0.33296337402885684
jacobtylerwalls,Jacob Walls,2021-06-16T14:26:42Z,2021-06-21T20:08:22Z,2,6,{'David Smith'},2021-06-16 20:53:24,0,0,1,58776,2012-04-28T02:47:18Z,0.7351303185564714,104,14,2018-04-23T18:26:21Z,35.01,8.0,0,0,0.5712653527563554
cjerdonek,Chris Jerdonek,2021-06-12T14:19:39Z,2021-06-12T14:46:43Z,1,2,{'Carlton Gibson'},2021-06-12 14:27:41,0,0,1,58776,2012-04-28T02:47:18Z,0.7351303185564714,104,192,2010-08-06T03:04:24Z,14.01,14.0,0,0,0.92790863668808
cjerdonek,Chris Jerdonek,2021-06-11T14:38:01Z,2021-06-24T05:21:35Z,2,137,"{'Chris Jerdonek', 'Mariusz Felisiak'}",2021-06-11 15:50:55,0,3,4,58776,2012-04-28T02:47:18Z,0.7351303185564714,104,192,2010-08-06T03:04:24Z,14.01,14.0,0,0,0.92790863668808
felixxm,Mariusz Felisiak,2021-06-10T05:43:13Z,2021-06-10T11:25:05Z,1,4,{'Hasan Ramezani'},2021-06-10 07:00:13,0,0,1,58776,2012-04-28T02:47:18Z,0.7351303185564714,104,428,2012-11-22T20:10:35Z,34.01,29.0,1,1,0.7350779182593355
carltongibson,Carlton Gibson,2021-06-09T15:04:31Z,2021-06-15T10:27:24Z,8,159,"{'Adam Johnson', 'Carlton Gibson', 'Jarek Głowacki', 'Mariusz Felisiak'}",2021-06-09 15:40:25,1,8,2,58776,2012-04-28T02:47:18Z,0.7351303185564714,104,903,2009-03-18T20:43:42Z,41.01,14.0,1,1,0.60960741282614
cjerdonek,Chris Jerdonek,2021-06-09T10:04:28Z,2021-06-11T04:44:21Z,3,34,"{'Chris Jerdonek', 'Mariusz Felisiak'}",2021-06-09 10:37:25,0,19,1,58776,2012-04-28T02:47:18Z,0.7351303185564714,104,192,2010-08-06T03:04:24Z,14.01,14.0,0,0,0.92790863668808
kezabelle,Keryn Knight,2021-06-08T12:03:51Z,2021-06-11T10:52:15Z,3,19,"{'Keryn Knight', 'Unknown', 'Mariusz Felisiak'}",2021-06-08 14:45:19,0,6,1,58776,2012-04-28T02:47:18Z,0.7351303185564714,104,34,2009-08-22T21:31:11Z,12.01,12.0,0,1,0.6661115736885929
felixxm,Mariusz Felisiak,2021-06-08T11:08:38Z,2021-06-08T14:39:01Z,1,34,{'Carlton Gibson'},2021-06-08 12:05:13,0,0,1,58776,2012-04-28T02:47:18Z,0.7351303185564714,104,428,2012-11-22T20:10:35Z,34.01,29.0,1,1,0.7350779182593355
felixxm,Mariusz Felisiak,2021-06-08T07:19:09Z,2021-06-08T09:35:06Z,1,22,"{'Adam Johnson', 'Mariusz Felisiak'}",2021-06-08 07:22:34,0,3,1,58776,2012-04-28T02:47:18Z,0.7351303185564714,104,428,2012-11-22T20:10:35Z,34.01,29.0,1,1,0.7350779182593355
jacobtylerwalls,Jacob Walls,2021-06-08T05:08:08Z,2021-06-08T07:25:57Z,2,22,{'Mariusz Felisiak'},2021-06-08 06:41:32,0,1,1,58776,2012-04-28T02:47:18Z,0.7351303185564714,104,14,2018-04-23T18:26:21Z,35.01,8.0,0,0,0.5712653527563554
cjerdonek,Chris Jerdonek,2021-06-06T06:58:55Z,2021-06-07T05:31:18Z,6,127,{'Claude Paroz'},2021-06-06 15:28:48,0,0,1,58776,2012-04-28T02:47:18Z,0.7351303185564714,104,192,2010-08-06T03:04:24Z,14.01,14.0,0,0,0.92790863668808
Ian-Foote,Ian Foote,2021-06-05T14:00:08Z,2021-07-09T11:16:18Z,11,316,"{'Hannes Ljungberg', 'Ian Foote', 'Paolo Melchiorre', 'Simon Charette', 'Mariusz Felisiak'}",2021-06-05 18:33:40,0,22,1,58776,2012-04-28T02:47:18Z,0.7351303185564714,104,379,2012-06-12T16:03:09Z,2.01,1.0,0,0,0.49751243781094534
aryabartar,Arya Khaligh,2021-06-05T12:50:25Z,2021-06-07T06:53:38Z,4,18,{'Mariusz Felisiak'},2021-06-07 05:38:21,0,1,1,58776,2012-04-28T02:47:18Z,0.7351303185564714,104,67,2017-06-13T17:18:58Z,1.01,1.0,0,1,0.9900990099009901
kezabelle,Keryn Knight,2021-06-04T11:56:16Z,2021-06-07T19:02:00Z,2,10,"{'Keryn Knight', 'David Smith', 'Mariusz Felisiak'}",2021-06-05 18:04:30,0,11,1,58776,2012-04-28T02:47:18Z,0.7351303185564714,104,34,2009-08-22T21:31:11Z,12.01,12.0,0,1,0.6661115736885929
felixxm,Mariusz Felisiak,2021-06-04T08:06:27Z,2021-06-04T10:53:12Z,3,27,{'Adam Johnson'},2021-06-04 08:10:44,0,0,1,58776,2012-04-28T02:47:18Z,0.7351303185564714,104,428,2012-11-22T20:10:35Z,34.01,29.0,1,1,0.7350779182593355
cjerdonek,Chris Jerdonek,2021-06-04T05:41:35Z,2021-06-28T07:15:19Z,1,145,"{'Florian Apolloner', 'Chris Jerdonek', 'Mariusz Felisiak'}",2021-06-26 09:06:03,0,2,4,58776,2012-04-28T02:47:18Z,0.7351303185564714,104,192,2010-08-06T03:04:24Z,14.01,14.0,0,0,0.92790863668808
yukihira1992,Takayuki Hirayama,2021-06-03T14:30:29Z,2021-06-04T06:27:25Z,5,27,{'Mariusz Felisiak'},2021-06-04 05:24:42,1,1,1,58776,2012-04-28T02:47:18Z,0.7351303185564714,104,5,2017-01-17T02:19:28Z,6.01,1.0,0,1,0.9983361064891847
felixxm,Mariusz Felisiak,2021-06-03T09:10:44Z,2021-06-03T10:07:30Z,8,15,{'Adam Johnson'},2021-06-03 09:43:59,0,0,1,58776,2012-04-28T02:47:18Z,0.7351303185564714,104,428,2012-11-22T20:10:35Z,34.01,29.0,1,1,0.7350779182593355
felixxm,Mariusz Felisiak,2021-06-02T11:31:39Z,2021-06-03T06:59:37Z,2,50,"{'Chris Jerdonek', 'Mariusz Felisiak'}",2021-06-02 11:43:27,0,5,1,58776,2012-04-28T02:47:18Z,0.7351303185564714,104,428,2012-11-22T20:10:35Z,34.01,29.0,1,1,0.7350779182593355
jacobtylerwalls,Jacob Walls,2021-06-02T05:16:56Z,2021-06-02T10:45:13Z,2,13,{'Mariusz Felisiak'},2021-06-02 06:43:38,0,1,1,58776,2012-04-28T02:47:18Z,0.7351303185564714,104,14,2018-04-23T18:26:21Z,35.01,8.0,0,0,0.5712653527563554
felixxm,Mariusz Felisiak,2021-05-31T06:31:51Z,2021-06-01T13:11:42Z,4,16,"{'Simon Charette', 'Carlton Gibson'}",2021-06-01 05:59:17,0,1,1,58776,2012-04-28T02:47:18Z,0.7351303185564714,104,428,2012-11-22T20:10:35Z,34.01,29.0,1,1,0.7350779182593355
abhiabhi94,Abhyudai,2021-05-28T00:47:51Z,2021-06-01T06:24:36Z,2,57,"{'Abhyudai', 'Mariusz Felisiak'}",2021-05-31 11:13:01,0,8,1,58776,2012-04-28T02:47:18Z,0.7351303185564714,104,10,2015-08-20T04:11:16Z,37.01,8.0,0,1,0.9186706295595786
abhiabhi94,Abhyudai,2021-05-27T11:21:55Z,2021-05-28T07:16:08Z,2,10,"{'Abhyudai', 'Mariusz Felisiak'}",2021-05-27 19:20:16,0,6,1,58776,2012-04-28T02:47:18Z,0.7351303185564714,104,10,2015-08-20T04:11:16Z,37.01,8.0,0,1,0.9186706295595786
tomhamiltonstubber,Tom Hamilton Stubber,2021-05-27T09:56:15Z,2021-06-23T12:53:24Z,4,28,{'Carlton Gibson'},2021-06-23 10:38:51,0,0,1,58776,2012-04-28T02:47:18Z,0.7351303185564714,104,11,2014-09-29T08:36:12Z,26.009999999999998,0.0,0,0,0.3844675124951942
igorkf,Igor Kuivjogi Fernandes,2021-05-26T19:20:15Z,2021-06-22T06:50:21Z,2,17,"{'Igor Kuivjogi Fernandes', 'Mariusz Felisiak'}",2021-06-21 18:57:19,0,3,1,58776,2012-04-28T02:47:18Z,0.7351303185564714,104,5,2019-02-09T01:40:08Z,56.01,1.0,0,1,0.8034279592929834
The-Daishogun,Mohammadreza Varasteh,2021-05-26T17:30:39Z,2021-05-27T20:02:54Z,3,28,"{'Hannes Ljungberg', 'Nick Pope', 'Mohammadreza Varasteh', 'Mariusz Felisiak'}",2021-05-26 20:39:56,0,5,1,58776,2012-04-28T02:47:18Z,0.7351303185564714,104,3,2019-11-21T21:00:07Z,9.01,1.0,0,0,0.6659267480577137
felixxm,Mariusz Felisiak,2021-05-26T07:00:48Z,2021-05-26T09:19:48Z,3,17,{'Carlton Gibson'},2021-05-26 08:39:35,0,0,1,58776,2012-04-28T02:47:18Z,0.7351303185564714,104,428,2012-11-22T20:10:35Z,34.01,29.0,1,1,0.7350779182593355
hannseman,Hannes Ljungberg,2021-05-25T19:19:47Z,2021-06-30T10:11:23Z,8,87,"{'Hannes Ljungberg', 'Simon Charette', 'Mariusz Felisiak'}",2021-05-26 20:41:30,1,7,2,58776,2012-04-28T02:47:18Z,0.7351303185564714,104,77,2011-04-29T11:51:58Z,11.01,6.0,0,1,0.8174386920980926
mlissner,Mike Lissner,2021-05-25T16:35:33Z,2021-05-26T09:50:31Z,3,26,"{'Mike Lissner', 'Simon Charette', 'Mariusz Felisiak'}",2021-05-25 20:51:12,0,5,1,58776,2012-04-28T02:47:18Z,0.7351303185564714,104,85,2010-04-05T03:32:22Z,23.009999999999998,0.0,0,0,0.9995654063450674
felixxm,Mariusz Felisiak,2021-05-25T10:49:08Z,2021-05-25T11:22:41Z,1,1,{'Claude Paroz'},2021-05-25 11:20:39,0,0,1,58776,2012-04-28T02:47:18Z,0.7351303185564714,104,428,2012-11-22T20:10:35Z,34.01,29.0,1,1,0.7350779182593355
hannseman,Hannes Ljungberg,2021-05-24T20:08:45Z,2021-05-25T09:34:26Z,2,25,{'Mariusz Felisiak'},2021-05-25 05:21:39,0,1,1,58776,2012-04-28T02:47:18Z,0.7351303185564714,104,77,2011-04-29T11:51:58Z,11.01,6.0,0,1,0.8174386920980926
abhiabhi94,Abhyudai,2021-05-24T16:45:10Z,2021-05-25T08:29:15Z,1,5,"{'Chris Jerdonek', 'Mariusz Felisiak'}",2021-05-25 08:29:15,0,3,1,58776,2012-04-28T02:47:18Z,0.7351303185564714,104,10,2015-08-20T04:11:16Z,37.01,8.0,0,1,0.9186706295595786
felixxm,Mariusz Felisiak,2021-05-24T05:27:35Z,2021-05-24T17:56:12Z,3,42,{'Simon Charette'},2021-05-24 17:01:43,0,0,2,58776,2012-04-28T02:47:18Z,0.7351303185564714,104,428,2012-11-22T20:10:35Z,34.01,29.0,1,1,0.7350779182593355
hannseman,Hannes Ljungberg,2021-05-23T12:27:14Z,2021-05-24T05:10:40Z,2,24,"{'Hannes Ljungberg', 'Mariusz Felisiak'}",2021-05-24 04:34:35,0,2,1,58776,2012-04-28T02:47:18Z,0.7351303185564714,104,77,2011-04-29T11:51:58Z,11.01,6.0,0,1,0.8174386920980926
charettes,Simon Charette,2021-05-22T02:52:35Z,2021-07-02T07:10:44Z,9,134,"{'Nick Pope', 'Simon Charette', 'Mariusz Felisiak'}",2021-05-22 03:27:40,0,11,2,58776,2012-04-28T02:47:18Z,0.7351303185564714,104,330,2008-05-04T21:11:31Z,13.01,6.0,0,1,0.6917755572636434
felixxm,Mariusz Felisiak,2021-05-20T08:06:03Z,2021-05-20T10:23:37Z,13,48,"{'Mariusz Felisiak', 'Markus Holtermann', 'Adam Johnson', 'Carlton Gibson'}",2021-05-20 08:14:16,0,2,1,58776,2012-04-28T02:47:18Z,0.7351303185564714,104,428,2012-11-22T20:10:35Z,34.01,29.0,1,1,0.7350779182593355
hramezani,Hasan Ramezani,2021-05-19T21:23:59Z,2021-05-26T08:56:01Z,7,40,"{'Mariusz Felisiak', 'Hasan Ramezani'}",2021-05-21 06:01:58,0,4,1,58776,2012-04-28T02:47:18Z,0.7351303185564714,104,239,2012-12-25T18:04:47Z,49.01,6.0,0,1,0.7957559681697614
pope1ni,Nick Pope,2021-05-19T11:07:06Z,2021-07-13T15:29:26Z,2,217,{'Mariusz Felisiak'},2021-07-13 04:56:04,1,2,3,58776,2012-04-28T02:47:18Z,0.7351303185564714,104,62,2012-11-21T17:07:20Z,16.009999999999998,16.0,0,1,0.43722673329169276
girishsontakke,Girish Sontakke,2021-05-18T04:33:06Z,2021-05-18T09:30:38Z,1,2,{'Mariusz Felisiak'},2021-05-18 08:13:10,3,1,4,58776,2012-04-28T02:47:18Z,0.7351303185564714,104,5,2020-03-05T19:52:26Z,4.01,1.0,0,1,0.9975062344139651
hramezani,Hasan Ramezani,2021-05-17T19:57:18Z,2021-05-26T08:08:40Z,3,30,"{'Mariusz Felisiak', 'Carlton Gibson', 'Hasan Ramezani'}",2021-05-18 09:28:34,0,7,1,58776,2012-04-28T02:47:18Z,0.7351303185564714,104,239,2012-12-25T18:04:47Z,49.01,6.0,0,1,0.7957559681697614
claudep,Claude Paroz,2021-05-17T07:20:12Z,2021-07-07T08:13:32Z,1,5,"{'Jacob Walls', 'Carlton Gibson'}",2021-06-02 23:59:41,0,0,1,58776,2012-04-28T02:47:18Z,0.7351303185564714,104,291,2009-10-22T14:35:57Z,18.009999999999998,6.0,0,1,0.7773459189339257
Chiorufarewerin,Chiorufarewerin,2021-05-16T10:27:10Z,2021-05-17T18:00:51Z,2,38,"{'Claude Paroz', 'Chiorufarewerin', 'Simon Charette', 'Mariusz Felisiak'}",2021-05-16 14:19:20,0,5,1,58776,2012-04-28T02:47:18Z,0.7351303185564714,104,3,2015-12-12T06:05:11Z,1.01,1.0,0,1,0.9900990099009901
claudep,Claude Paroz,2021-05-14T13:59:43Z,2021-05-18T19:04:08Z,7,65,"{'Claude Paroz', 'Nick Pope', 'Mariusz Felisiak'}",2021-05-14 18:01:50,0,4,1,58776,2012-04-28T02:47:18Z,0.7351303185564714,104,291,2009-10-22T14:35:57Z,18.009999999999998,6.0,0,1,0.7773459189339257
rohithpr,Rohith PR,2021-05-14T10:18:56Z,2021-05-21T11:33:51Z,6,59,"{'Mariusz Felisiak', 'Nick Pope', 'Rohith PR', 'Carlton Gibson'}",2021-05-14 10:21:05,2,7,2,58776,2012-04-28T02:47:18Z,0.7351303185564714,104,11,2014-12-23T04:59:38Z,6.01,5.0,0,0,0.49916805324459235
felixxm,Mariusz Felisiak,2021-05-14T09:57:36Z,2021-05-18T18:23:42Z,3,42,"{'Nick Pope', 'Florian Apolloner', 'Mariusz Felisiak'}",2021-05-14 12:03:14,0,1,1,58776,2012-04-28T02:47:18Z,0.7351303185564714,104,428,2012-11-22T20:10:35Z,34.01,29.0,1,1,0.7350779182593355
smithdc1,David Smith,2021-05-14T07:48:51Z,2021-06-04T08:45:51Z,2,101,"{'Thibaud Colas', 'David Smith', 'Tobias Bengfort', 'Mariusz Felisiak'}",2021-06-03 09:56:03,0,5,1,58776,2012-04-28T02:47:18Z,0.7351303185564714,104,16,2018-05-19T21:10:34Z,43.01,8.0,0,0,0.6975122064636131
smithdc1,David Smith,2021-05-13T18:43:43Z,2021-06-22T10:03:36Z,3,38,"{'Thibaud Colas', 'David Smith', 'Tobias Bengfort', 'Mariusz Felisiak'}",2021-06-04 08:39:42,0,8,1,58776,2012-04-28T02:47:18Z,0.7351303185564714,104,16,2018-05-19T21:10:34Z,43.01,8.0,0,0,0.6975122064636131
carltongibson,Carlton Gibson,2021-05-12T13:24:31Z,2021-05-19T09:15:50Z,2,8,"{'Mariusz Felisiak', 'Carlton Gibson'}",2021-05-18 07:16:46,0,3,1,58776,2012-04-28T02:47:18Z,0.7351303185564714,104,903,2009-03-18T20:43:42Z,41.01,14.0,1,1,0.60960741282614
felixxm,Mariusz Felisiak,2021-05-12T08:13:02Z,2021-05-12T08:42:01Z,3,9,{'Carlton Gibson'},2021-05-12 08:32:01,0,0,1,58776,2012-04-28T02:47:18Z,0.7351303185564714,104,428,2012-11-22T20:10:35Z,34.01,29.0,1,1,0.7350779182593355
rohithpr,Rohith PR,2021-05-11T10:40:42Z,2021-05-14T18:35:54Z,3,12,{'Mariusz Felisiak'},2021-05-14 06:04:21,0,2,1,58776,2012-04-28T02:47:18Z,0.7351303185564714,104,11,2014-12-23T04:59:38Z,6.01,5.0,0,0,0.49916805324459235
pope1ni,Nick Pope,2021-05-10T21:23:42Z,2021-05-12T13:43:42Z,8,141,"{'Tim Graham', 'Nick Pope', 'Carlton Gibson', 'Mariusz Felisiak'}",2021-05-11 01:13:54,1,11,3,58776,2012-04-28T02:47:18Z,0.7351303185564714,104,62,2012-11-21T17:07:20Z,16.009999999999998,16.0,0,1,0.43722673329169276
pope1ni,Nick Pope,2021-05-10T20:42:18Z,2021-05-12T11:34:43Z,4,65,"{'Nick Pope', 'cflb', 'Mariusz Felisiak'}",2021-05-10 21:09:33,0,4,1,58776,2012-04-28T02:47:18Z,0.7351303185564714,104,62,2012-11-21T17:07:20Z,16.009999999999998,16.0,0,1,0.43722673329169276
amureki,Rust Saiargaliev,2021-05-10T20:20:46Z,2021-05-18T11:33:44Z,3,24,"{'Rust Saiargaliev', 'Johannes Maron'}",2021-05-11 10:13:42,1,6,2,58776,2012-04-28T02:47:18Z,0.7351303185564714,104,99,2011-02-19T16:34:23Z,51.01,1.0,0,1,0.9409919623603216
pope1ni,Nick Pope,2021-05-10T19:52:38Z,2021-05-12T10:08:40Z,19,173,"{'Paul Ganssle', 'Nick Pope', 'Carlton Gibson'}",2021-05-11 10:11:37,0,7,4,58776,2012-04-28T02:47:18Z,0.7351303185564714,104,62,2012-11-21T17:07:20Z,16.009999999999998,16.0,0,1,0.43722673329169276
pope1ni,Nick Pope,2021-05-10T14:40:32Z,2021-05-12T06:41:41Z,3,12,"{'Nick Pope', 'Mariusz Felisiak'}",2021-05-10 19:14:57,0,2,1,58776,2012-04-28T02:47:18Z,0.7351303185564714,104,62,2012-11-21T17:07:20Z,16.009999999999998,16.0,0,1,0.43722673329169276
felixxm,Mariusz Felisiak,2021-05-10T08:46:50Z,2021-05-13T06:53:44Z,8,157,"{'Florian Apolloner', 'Mariusz Felisiak', 'Jakub Kleň', 'frmdstryr', 'Carlton Gibson'}",2021-05-10 08:55:20,1,15,2,58776,2012-04-28T02:47:18Z,0.7351303185564714,104,428,2012-11-22T20:10:35Z,34.01,29.0,1,1,0.7350779182593355
felixxm,Mariusz Felisiak,2021-05-07T07:00:45Z,2021-05-11T07:19:25Z,3,37,"{'Simon Charette', 'Carlton Gibson'}",2021-05-07 11:35:42,0,0,1,58776,2012-04-28T02:47:18Z,0.7351303185564714,104,428,2012-11-22T20:10:35Z,34.01,29.0,1,1,0.7350779182593355
felixxm,Mariusz Felisiak,2021-05-06T05:01:05Z,2021-05-06T10:26:25Z,1,5,{'Carlton Gibson'},2021-05-06 08:36:19,0,0,1,58776,2012-04-28T02:47:18Z,0.7351303185564714,104,428,2012-11-22T20:10:35Z,34.01,29.0,1,1,0.7350779182593355
hramezani,Hasan Ramezani,2021-05-05T21:29:57Z,2021-05-07T10:30:40Z,6,63,"{'Mariusz Felisiak', 'David Smith', 'Nick Pope', 'Hasan Ramezani'}",2021-05-06 08:41:17,0,8,1,58776,2012-04-28T02:47:18Z,0.7351303185564714,104,239,2012-12-25T18:04:47Z,49.01,6.0,0,1,0.7957559681697614
smithdc1,David Smith,2021-05-05T21:25:52Z,2021-05-12T18:46:02Z,1,8,"{'David Smith', 'Nick Pope', 'Carlton Gibson'}",2021-05-06 04:14:41,0,5,1,58776,2012-04-28T02:47:18Z,0.7351303185564714,104,16,2018-05-19T21:10:34Z,43.01,8.0,0,0,0.6975122064636131
carltongibson,Carlton Gibson,2021-05-05T18:47:16Z,2021-05-06T05:42:18Z,1,3,{'Mariusz Felisiak'},2021-05-06 04:36:43,0,0,1,58776,2012-04-28T02:47:18Z,0.7351303185564714,104,903,2009-03-18T20:43:42Z,41.01,14.0,1,1,0.60960741282614
felixxm,Mariusz Felisiak,2021-05-04T20:10:27Z,2021-05-06T06:45:24Z,6,76,"{'Florian Apolloner', 'Adam Johnson', 'Mariusz Felisiak', 'Markus Holtermann', 'Gregory P. Smith', 'Michał Górny', 'Carlton Gibson'}",2021-05-05 06:03:09,0,5,1,58776,2012-04-28T02:47:18Z,0.7351303185564714,104,428,2012-11-22T20:10:35Z,34.01,29.0,1,1,0.7350779182593355
felixxm,Mariusz Felisiak,2021-05-04T06:59:32Z,2021-05-04T09:29:23Z,1,5,{'Carlton Gibson'},2021-05-04 07:08:19,0,0,1,58776,2012-04-28T02:47:18Z,0.7351303185564714,104,428,2012-11-22T20:10:35Z,34.01,29.0,1,1,0.7350779182593355
hramezani,Hasan Ramezani,2021-04-30T11:41:57Z,2021-05-04T06:01:51Z,2,18,{'Mariusz Felisiak'},2021-05-04 05:37:25,0,1,1,58776,2012-04-28T02:47:18Z,0.7351303185564714,104,239,2012-12-25T18:04:47Z,49.01,6.0,0,1,0.7957559681697614
felixxm,Mariusz Felisiak,2021-04-30T09:33:51Z,2021-04-30T10:59:07Z,2,13,{'Carlton Gibson'},2021-04-30 10:00:07,0,0,1,58776,2012-04-28T02:47:18Z,0.7351303185564714,104,428,2012-11-22T20:10:35Z,34.01,29.0,1,1,0.7350779182593355
swright573,Susan Wright,2021-04-29T16:52:08Z,2021-04-30T12:04:22Z,1,10,{'Carlton Gibson'},2021-04-29 17:42:32,0,1,1,58776,2012-04-28T02:47:18Z,0.7351303185564714,104,3,2017-09-14T20:43:52Z,6.01,4.0,0,0,0.1663893510815308
hramezani,Hasan Ramezani,2021-04-29T12:37:32Z,2021-04-30T07:07:13Z,7,59,"{'Mariusz Felisiak', 'Adam Johnson', 'Hasan Ramezani'}",2021-04-29 13:47:35,0,4,1,58776,2012-04-28T02:47:18Z,0.7351303185564714,104,239,2012-12-25T18:04:47Z,49.01,6.0,0,1,0.7957559681697614
pope1ni,Nick Pope,2021-04-29T09:47:11Z,2021-04-29T18:29:09Z,10,34,"{'Unknown', 'Mariusz Felisiak'}",2021-04-29 11:09:32,0,1,1,58776,2012-04-28T02:47:18Z,0.7351303185564714,104,62,2012-11-21T17:07:20Z,16.009999999999998,16.0,0,1,0.43722673329169276
felixxm,Mariusz Felisiak,2021-04-29T09:23:32Z,2021-04-29T10:04:30Z,4,29,{'Carlton Gibson'},2021-04-29 09:33:11,0,0,1,58776,2012-04-28T02:47:18Z,0.7351303185564714,104,428,2012-11-22T20:10:35Z,34.01,29.0,1,1,0.7350779182593355
carltongibson,Carlton Gibson,2021-04-29T09:00:47Z,2021-04-29T13:13:03Z,2,30,"{'Mariusz Felisiak', 'Nick Pope', 'Carlton Gibson'}",2021-04-29 09:32:09,0,7,1,58776,2012-04-28T02:47:18Z,0.7351303185564714,104,903,2009-03-18T20:43:42Z,41.01,14.0,1,1,0.60960741282614
carltongibson,Carlton Gibson,2021-04-29T06:37:34Z,2021-04-29T09:26:38Z,1,9,"{'David Smith', 'Nick Pope', 'Carlton Gibson', 'Mariusz Felisiak'}",2021-04-29 06:54:39,0,4,1,58776,2012-04-28T02:47:18Z,0.7351303185564714,104,903,2009-03-18T20:43:42Z,41.01,14.0,1,1,0.60960741282614
pope1ni,Nick Pope,2021-04-28T19:47:07Z,2021-05-17T10:15:00Z,67,377,"{'Nick Pope', 'Mariusz Felisiak'}",2021-05-17 08:20:27,1,5,6,58776,2012-04-28T02:47:18Z,0.7351303185564714,104,62,2012-11-21T17:07:20Z,16.009999999999998,16.0,0,1,0.43722673329169276
David-Wobrock,David Wobrock,2021-04-28T19:25:23Z,2021-05-29T10:47:10Z,4,93,"{'David Wobrock', 'Simon Charette', 'Mariusz Felisiak'}",2021-04-29 00:42:09,0,10,1,58776,2012-04-28T02:47:18Z,0.7351303185564714,104,36,2014-08-28T17:58:26Z,18.009999999999998,2.0,0,1,0.8883953359244865
David-Wobrock,David Wobrock,2021-04-28T18:46:40Z,2021-04-29T06:16:23Z,4,7,"{'David Wobrock', 'Simon Charette', 'Mariusz Felisiak'}",2021-04-28 18:49:03,2,3,2,58776,2012-04-28T02:47:18Z,0.7351303185564714,104,36,2014-08-28T17:58:26Z,18.009999999999998,2.0,0,1,0.8883953359244865
adamchainz,Adam Johnson,2021-04-28T14:40:56Z,2021-04-28T18:35:05Z,1,3,{'Nick Pope'},2021-04-28 14:46:42,0,0,1,58776,2012-04-28T02:47:18Z,0.7351303185564714,104,1305,2011-06-17T23:53:10Z,101.00999999999999,0.0,0,1,0.9900009900009901
kalekseev,Konstantin Alekseev,2021-04-26T12:39:01Z,2021-04-27T10:01:43Z,5,26,"{'Nick Pope', 'Konstantin Alekseev', 'Mariusz Felisiak'}",2021-04-26 13:14:47,0,7,1,58776,2012-04-28T02:47:18Z,0.7351303185564714,104,19,2010-08-17T13:50:07Z,12.01,0.0,0,1,0.9159034138218152
hannseman,Hannes Ljungberg,2021-04-26T11:53:52Z,2021-04-27T06:35:36Z,2,17,"{'Hannes Ljungberg', 'Nick Pope'}",2021-04-26 13:28:07,1,2,2,58776,2012-04-28T02:47:18Z,0.7351303185564714,104,77,2011-04-29T11:51:58Z,11.01,6.0,0,1,0.8174386920980926
felixxm,Mariusz Felisiak,2021-04-26T09:40:46Z,2021-04-27T08:34:47Z,10,190,"{'Mariusz Felisiak', 'Simon Charette', 'Carlton Gibson'}",2021-04-26 19:23:19,2,2,4,58776,2012-04-28T02:47:18Z,0.7351303185564714,104,428,2012-11-22T20:10:35Z,34.01,29.0,1,1,0.7350779182593355
felixxm,Mariusz Felisiak,2021-04-26T05:44:05Z,2021-04-27T06:40:52Z,2,12,{'Carlton Gibson'},2021-04-27 06:39:22,0,0,1,58776,2012-04-28T02:47:18Z,0.7351303185564714,104,428,2012-11-22T20:10:35Z,34.01,29.0,1,1,0.7350779182593355
moriyoshi,Moriyoshi Koizumi,2021-04-25T02:54:34Z,2021-05-26T11:08:05Z,3,20,"{'William Schwartz', 'Mariusz Felisiak'}",2021-04-28 06:00:33,0,2,1,58776,2012-04-28T02:47:18Z,0.7351303185564714,104,244,2008-07-29T03:00:28Z,12.01,0.0,0,0,0.8326394671107411
charettes,Simon Charette,2021-04-24T05:24:23Z,2021-04-28T18:28:04Z,6,109,"{'Simon Charette', 'Mariusz Felisiak'}",2021-04-24 05:26:10,1,3,2,58776,2012-04-28T02:47:18Z,0.7351303185564714,104,330,2008-05-04T21:11:31Z,13.01,6.0,0,1,0.6917755572636434
felixxm,Mariusz Felisiak,2021-04-23T16:03:07Z,2021-04-26T04:11:13Z,1,12,{'Carlton Gibson'},2021-04-24 08:27:40,0,0,1,58776,2012-04-28T02:47:18Z,0.7351303185564714,104,428,2012-11-22T20:10:35Z,34.01,29.0,1,1,0.7350779182593355
timgraham,Tim Graham,2021-04-23T13:04:15Z,2021-04-30T10:58:38Z,8,105,"{'Nick Pope', 'Tim Graham', 'Mariusz Felisiak'}",2021-04-23 13:40:15,0,6,1,58776,2012-04-28T02:47:18Z,0.7351303185564714,104,1133,2010-09-22T18:09:03Z,18.009999999999998,1.0,0,0,0.832870627429206
felixxm,Mariusz Felisiak,2021-04-23T10:42:52Z,2021-04-23T14:32:54Z,2,12,"{'Simon Charette', 'Carlton Gibson'}",2021-04-23 12:13:28,0,0,1,58776,2012-04-28T02:47:18Z,0.7351303185564714,104,428,2012-11-22T20:10:35Z,34.01,29.0,1,1,0.7350779182593355
felixxm,Mariusz Felisiak,2021-04-22T18:26:14Z,2021-04-23T08:06:08Z,1,10,{'Carlton Gibson'},2021-04-23 04:42:59,0,0,1,58776,2012-04-28T02:47:18Z,0.7351303185564714,104,428,2012-11-22T20:10:35Z,34.01,29.0,1,1,0.7350779182593355
charettes,Simon Charette,2021-04-22T17:54:17Z,2021-04-23T14:03:07Z,4,37,{'Chris Jerdonek'},2021-04-23 01:34:41,0,1,1,58776,2012-04-28T02:47:18Z,0.7351303185564714,104,330,2008-05-04T21:11:31Z,13.01,6.0,0,1,0.6917755572636434
felixxm,Mariusz Felisiak,2021-04-22T16:14:09Z,2021-04-22T17:57:28Z,1,1,{'Claude Paroz'},2021-04-22 17:43:00,0,0,1,58776,2012-04-28T02:47:18Z,0.7351303185564714,104,428,2012-11-22T20:10:35Z,34.01,29.0,1,1,0.7350779182593355
felixxm,Mariusz Felisiak,2021-04-22T11:09:29Z,2021-04-22T15:43:58Z,1,12,{'Carlton Gibson'},2021-04-22 11:53:29,0,0,1,58776,2012-04-28T02:47:18Z,0.7351303185564714,104,428,2012-11-22T20:10:35Z,34.01,29.0,1,1,0.7350779182593355
felixxm,Mariusz Felisiak,2021-04-21T17:55:29Z,2021-04-22T08:47:10Z,1,2,"{'Simon Charette', 'Carlton Gibson'}",2021-04-21 17:58:46,0,0,1,58776,2012-04-28T02:47:18Z,0.7351303185564714,104,428,2012-11-22T20:10:35Z,34.01,29.0,1,1,0.7350779182593355
cjerdonek,Chris Jerdonek,2021-04-21T09:07:12Z,2021-04-21T14:20:35Z,1,83,{'Mariusz Felisiak'},2021-04-21 10:33:01,0,1,1,58776,2012-04-28T02:47:18Z,0.7351303185564714,104,192,2010-08-06T03:04:24Z,14.01,14.0,0,0,0.92790863668808
felixxm,Mariusz Felisiak,2021-04-21T05:40:18Z,2021-04-21T07:41:38Z,3,42,{'Carlton Gibson'},2021-04-21 06:50:19,0,0,1,58776,2012-04-28T02:47:18Z,0.7351303185564714,104,428,2012-11-22T20:10:35Z,34.01,29.0,1,1,0.7350779182593355
ktaog6,Clumart.G,2021-04-21T04:33:19Z,2021-04-23T13:24:17Z,1,2,{'Carlton Gibson'},2021-04-22 13:15:28,0,0,1,58776,2012-04-28T02:47:18Z,0.7351303185564714,104,1,2013-02-03T14:05:59Z,0.01,0.0,0,0,0.0
carltongibson,Carlton Gibson,2021-04-20T13:40:04Z,2021-04-21T07:08:33Z,3,53,{'Mariusz Felisiak'},2021-04-21 06:18:36,0,0,1,58776,2012-04-28T02:47:18Z,0.7351303185564714,104,903,2009-03-18T20:43:42Z,41.01,14.0,1,1,0.60960741282614
francoisfreitag,François Freitag,2021-04-19T08:13:32Z,2021-04-20T06:45:41Z,2,40,"{'François Freitag', 'Mariusz Felisiak'}",2021-04-20 05:27:49,1,2,2,58776,2012-04-28T02:47:18Z,0.7351303185564714,104,11,2012-11-09T10:46:32Z,43.01,0.0,0,1,0.8137642408742153
cjerdonek,Chris Jerdonek,2021-04-17T12:26:34Z,2021-04-19T09:01:49Z,1,6,{'Mariusz Felisiak'},2021-04-19 08:44:14,0,0,1,58776,2012-04-28T02:47:18Z,0.7351303185564714,104,192,2010-08-06T03:04:24Z,14.01,14.0,0,0,0.92790863668808
charettes,Simon Charette,2021-04-15T04:41:38Z,2021-04-21T08:32:51Z,3,50,"{'Tim Graham', 'Mariusz Felisiak'}",2021-04-21 08:32:51,1,2,1,58776,2012-04-28T02:47:18Z,0.7351303185564714,104,330,2008-05-04T21:11:31Z,13.01,6.0,0,1,0.6917755572636434
carltongibson,Carlton Gibson,2021-04-14T18:27:41Z,2021-04-15T15:14:23Z,3,53,"{'Jacob Walls', 'Unknown', 'David Smith', 'Mariusz Felisiak', 'Claude Paroz', 'Carlton Gibson'}",2021-04-14 18:45:03,0,6,1,58776,2012-04-28T02:47:18Z,0.7351303185564714,104,903,2009-03-18T20:43:42Z,41.01,14.0,1,1,0.60960741282614
kxtells,Jordi Castells,2021-04-14T14:58:04Z,2021-05-07T18:25:08Z,6,102,"{'Jordi Castells', 'Daniel Wiesmann', 'Mariusz Felisiak'}",2021-04-22 06:53:30,0,7,1,58776,2012-04-28T02:47:18Z,0.7351303185564714,104,4,2010-11-18T14:13:38Z,0.01,0.0,0,0,0.0
felixxm,Mariusz Felisiak,2021-04-14T11:53:35Z,2021-04-14T18:22:23Z,4,41,"{'Simon Charette', 'Carlton Gibson'}",2021-04-14 12:43:34,0,0,1,58776,2012-04-28T02:47:18Z,0.7351303185564714,104,428,2012-11-22T20:10:35Z,34.01,29.0,1,1,0.7350779182593355
apollo13,Florian Apolloner,2021-04-14T11:48:01Z,2021-04-15T05:54:47Z,3,14,{'Mariusz Felisiak'},2021-04-14 19:46:37,0,0,1,58776,2012-04-28T02:47:18Z,0.7351303185564714,104,211,2009-05-06T08:14:46Z,7.01,0.0,0,1,0.7132667617689016
felixxm,Mariusz Felisiak,2021-04-14T10:44:04Z,2021-04-14T19:11:17Z,5,50,"{'Simon Charette', 'Carlton Gibson'}",2021-04-14 12:41:14,0,0,1,58776,2012-04-28T02:47:18Z,0.7351303185564714,104,428,2012-11-22T20:10:35Z,34.01,29.0,1,1,0.7350779182593355
felixxm,Mariusz Felisiak,2021-04-14T07:02:39Z,2021-04-14T10:23:47Z,3,12,{'Carlton Gibson'},2021-04-14 08:42:54,0,0,1,58776,2012-04-28T02:47:18Z,0.7351303185564714,104,428,2012-11-22T20:10:35Z,34.01,29.0,1,1,0.7350779182593355
girishsontakke,Girish Sontakke,2021-04-14T06:24:00Z,2021-04-15T10:13:56Z,3,64,"{'Girish Sontakke', 'Chris Jerdonek', 'Mariusz Felisiak'}",2021-04-14 13:33:19,0,5,1,58776,2012-04-28T02:47:18Z,0.7351303185564714,104,5,2020-03-05T19:52:26Z,4.01,1.0,0,1,0.9975062344139651
paris-ci,Arthur,2021-04-13T20:43:26Z,2021-04-14T17:40:38Z,4,17,"{'Mariusz Felisiak', 'Arthur', 'Carlton Gibson'}",2021-04-14 10:54:33,1,2,1,58776,2012-04-28T02:47:18Z,0.7351303185564714,104,19,2012-12-17T13:32:12Z,13.01,0.0,0,1,0.9223674096848579
hramezani,Hasan Ramezani,2021-04-13T07:11:25Z,2021-04-14T08:32:01Z,3,61,"{'Szymon Zmilczak', 'Mariusz Felisiak', 'Carlton Gibson'}",2021-04-13 07:39:41,2,2,2,58776,2012-04-28T02:47:18Z,0.7351303185564714,104,239,2012-12-25T18:04:47Z,49.01,6.0,0,1,0.7957559681697614
felixxm,Mariusz Felisiak,2021-04-13T04:45:15Z,2021-04-13T07:15:04Z,3,13,{'Carlton Gibson'},2021-04-13 07:09:00,0,0,1,58776,2012-04-28T02:47:18Z,0.7351303185564714,104,428,2012-11-22T20:10:35Z,34.01,29.0,1,1,0.7350779182593355
carltongibson,Carlton Gibson,2021-04-10T15:30:10Z,2021-04-22T07:02:26Z,1,5,{'Mariusz Felisiak'},2021-04-12 06:02:34,0,1,1,58776,2012-04-28T02:47:18Z,0.7351303185564714,104,903,2009-03-18T20:43:42Z,41.01,14.0,1,1,0.60960741282614
carltongibson,Carlton Gibson,2021-04-10T15:10:43Z,2021-04-10T17:06:18Z,1,2,{'Claude Paroz'},2021-04-10 15:52:46,0,0,1,58776,2012-04-28T02:47:18Z,0.7351303185564714,104,903,2009-03-18T20:43:42Z,41.01,14.0,1,1,0.60960741282614
iurisilvio,Iuri de Silvio,2021-04-09T08:42:35Z,2021-04-13T04:16:41Z,3,39,"{'Iuri de Silvio', 'Mariusz Felisiak'}",2021-04-12 09:48:36,0,2,1,58776,2012-04-28T02:47:18Z,0.7351303185564714,104,102,2009-07-17T03:15:40Z,8.01,1.0,0,0,0.7490636704119851
felixxm,Mariusz Felisiak,2021-04-09T07:58:05Z,2021-04-09T10:56:28Z,1,19,{'Carlton Gibson'},2021-04-09 09:38:33,0,0,1,58776,2012-04-28T02:47:18Z,0.7351303185564714,104,428,2012-11-22T20:10:35Z,34.01,29.0,1,1,0.7350779182593355
adamchainz,Adam Johnson,2021-04-08T10:41:31Z,2021-04-08T11:44:14Z,4,33,{'Mariusz Felisiak'},2021-04-08 11:02:09,0,2,1,58776,2012-04-28T02:47:18Z,0.7351303185564714,104,1305,2011-06-17T23:53:10Z,101.00999999999999,0.0,0,1,0.9900009900009901
xi,Tobias Bengfort,2021-04-08T09:47:00Z,2021-04-20T15:33:01Z,7,93,"{'Girish Sontakke', 'Tobias Bengfort', 'Mariusz Felisiak'}",2021-04-08 15:40:07,1,8,2,58776,2012-04-28T02:47:18Z,0.7351303185564714,104,24,2010-02-12T16:58:36Z,18.009999999999998,0.0,0,0,0.44419766796224325
felixxm,Mariusz Felisiak,2021-04-08T06:18:59Z,2021-04-08T07:31:58Z,2,20,{'Carlton Gibson'},2021-04-08 06:50:48,0,0,1,58776,2012-04-28T02:47:18Z,0.7351303185564714,104,428,2012-11-22T20:10:35Z,34.01,29.0,1,1,0.7350779182593355
felixxm,Mariusz Felisiak,2021-04-08T05:34:57Z,2021-04-08T07:31:16Z,3,8,{'Claude Paroz'},2021-04-08 07:28:35,0,0,1,58776,2012-04-28T02:47:18Z,0.7351303185564714,104,428,2012-11-22T20:10:35Z,34.01,29.0,1,1,0.7350779182593355
claudep,Claude Paroz,2021-04-07T15:39:46Z,2021-04-07T20:18:11Z,6,52,"{'Claude Paroz', 'Mariusz Felisiak'}",2021-04-07 18:40:21,0,3,1,58776,2012-04-28T02:47:18Z,0.7351303185564714,104,291,2009-10-22T14:35:57Z,18.009999999999998,6.0,0,1,0.7773459189339257
claudep,Claude Paroz,2021-04-07T12:42:07Z,2021-04-10T18:44:17Z,9,343,{'Mariusz Felisiak'},2021-04-08 10:02:33,0,1,1,58776,2012-04-28T02:47:18Z,0.7351303185564714,104,291,2009-10-22T14:35:57Z,18.009999999999998,6.0,0,1,0.7773459189339257
felixxm,Mariusz Felisiak,2021-04-07T10:15:28Z,2021-04-07T15:07:53Z,1,2,{'Carlton Gibson'},2021-04-07 13:49:20,0,0,1,58776,2012-04-28T02:47:18Z,0.7351303185564714,104,428,2012-11-22T20:10:35Z,34.01,29.0,1,1,0.7350779182593355
felixxm,Mariusz Felisiak,2021-04-06T20:21:05Z,2021-04-07T08:28:40Z,3,18,"{'Mariusz Felisiak', 'Nick Pope', 'Carlton Gibson'}",2021-04-06 21:18:02,0,1,1,58776,2012-04-28T02:47:18Z,0.7351303185564714,104,428,2012-11-22T20:10:35Z,34.01,29.0,1,1,0.7350779182593355
carltongibson,Carlton Gibson,2021-04-06T12:51:53Z,2021-04-07T05:27:31Z,1,101,{'Mariusz Felisiak'},2021-04-07 05:27:21,0,0,1,58776,2012-04-28T02:47:18Z,0.7351303185564714,104,903,2009-03-18T20:43:42Z,41.01,14.0,1,1,0.60960741282614
felixxm,Mariusz Felisiak,2021-04-06T08:54:27Z,2021-04-06T10:44:41Z,1,2,{'Carlton Gibson'},2021-04-06 09:48:01,0,0,1,58776,2012-04-28T02:47:18Z,0.7351303185564714,104,428,2012-11-22T20:10:35Z,34.01,29.0,1,1,0.7350779182593355
carltongibson,Carlton Gibson,2021-04-06T08:09:00Z,2021-04-06T08:38:43Z,4,9,{'Mariusz Felisiak'},2021-04-06 08:22:08,0,0,1,58776,2012-04-28T02:47:18Z,0.7351303185564714,104,903,2009-03-18T20:43:42Z,41.01,14.0,1,1,0.60960741282614
felixxm,Mariusz Felisiak,2021-04-06T05:17:01Z,2021-04-06T06:03:43Z,1,5,"{'Andrew Godwin', 'Carlton Gibson'}",2021-04-06 05:21:07,0,0,1,58776,2012-04-28T02:47:18Z,0.7351303185564714,104,428,2012-11-22T20:10:35Z,34.01,29.0,1,1,0.7350779182593355
claudep,Claude Paroz,2021-04-03T14:29:16Z,2021-04-08T08:13:37Z,10,72,"{'Claude Paroz', 'Mariusz Felisiak'}",2021-04-06 10:13:19,0,3,1,58776,2012-04-28T02:47:18Z,0.7351303185564714,104,291,2009-10-22T14:35:57Z,18.009999999999998,6.0,0,1,0.7773459189339257
claudep,Claude Paroz,2021-04-03T12:49:28Z,2021-04-07T15:02:49Z,6,121,"{'Carlton Gibson', 'Mariusz Felisiak'}",2021-04-07 11:55:55,0,3,1,58776,2012-04-28T02:47:18Z,0.7351303185564714,104,291,2009-10-22T14:35:57Z,18.009999999999998,6.0,0,1,0.7773459189339257
cjerdonek,Chris Jerdonek,2021-04-03T09:14:38Z,2021-05-28T06:02:14Z,2,253,{'Mariusz Felisiak'},2021-05-27 09:34:44,0,1,3,58776,2012-04-28T02:47:18Z,0.7351303185564714,104,192,2010-08-06T03:04:24Z,14.01,14.0,0,0,0.92790863668808
felixxm,Mariusz Felisiak,2021-04-01T06:35:08Z,2021-04-01T09:11:07Z,1,2,{'Carlton Gibson'},2021-04-01 07:19:02,0,0,1,58776,2012-04-28T02:47:18Z,0.7351303185564714,104,428,2012-11-22T20:10:35Z,34.01,29.0,1,1,0.7350779182593355
yyyyyyyan,yyyyyyyan,2021-04-01T00:54:45Z,2021-05-20T19:01:18Z,2,11,"{'yyyyyyyan', 'Mariusz Felisiak'}",2021-05-19 11:11:18,0,2,1,58776,2012-04-28T02:47:18Z,0.7351303185564714,104,53,2016-12-19T04:17:58Z,1.01,0.0,0,1,0.0
felixxm,Mariusz Felisiak,2021-03-31T08:02:31Z,2021-03-31T18:34:15Z,1,3,"{'Tom Carrick', 'Carlton Gibson'}",2021-03-31 09:32:47,0,0,1,58776,2012-04-28T02:47:18Z,0.7351303185564714,104,428,2012-11-22T20:10:35Z,34.01,29.0,1,1,0.7350779182593355
wkschwartz,William Schwartz,2021-03-30T21:02:49Z,2021-03-31T07:11:38Z,3,31,{'Carlton Gibson'},2021-03-31 06:38:06,0,0,1,58776,2012-04-28T02:47:18Z,0.7351303185564714,104,24,2012-02-07T22:14:38Z,0.01,0.0,0,1,0.0
hramezani,Hasan Ramezani,2021-03-28T11:11:54Z,2021-03-29T05:29:27Z,2,7,{'Mariusz Felisiak'},2021-03-29 04:25:26,0,1,1,58776,2012-04-28T02:47:18Z,0.7351303185564714,104,239,2012-12-25T18:04:47Z,49.01,6.0,0,1,0.7957559681697614
cjerdonek,Chris Jerdonek,2021-03-28T01:07:34Z,2021-03-29T07:21:20Z,1,5,{'Mariusz Felisiak'},2021-03-29 06:40:27,0,0,1,58776,2012-04-28T02:47:18Z,0.7351303185564714,104,192,2010-08-06T03:04:24Z,14.01,14.0,0,0,0.92790863668808
felixxm,Mariusz Felisiak,2021-03-27T11:05:28Z,2021-03-30T09:42:15Z,2,11,"{'Claude Paroz', 'Ryan Siemens', 'Carlton Gibson'}",2021-03-29 15:02:14,1,0,2,58776,2012-04-28T02:47:18Z,0.7351303185564714,104,428,2012-11-22T20:10:35Z,34.01,29.0,1,1,0.7350779182593355
cjerdonek,Chris Jerdonek,2021-03-27T09:01:04Z,2021-03-30T08:47:51Z,5,37,"{'Mariusz Felisiak', 'Chris Jerdonek', 'Carlton Gibson'}",2021-03-29 05:35:13,0,12,1,58776,2012-04-28T02:47:18Z,0.7351303185564714,104,192,2010-08-06T03:04:24Z,14.01,14.0,0,0,0.92790863668808
cjerdonek,Chris Jerdonek,2021-03-26T07:42:16Z,2021-03-26T12:04:50Z,3,27,"{'Chris Jerdonek', 'Mariusz Felisiak'}",2021-03-26 09:35:58,0,7,1,58776,2012-04-28T02:47:18Z,0.7351303185564714,104,192,2010-08-06T03:04:24Z,14.01,14.0,0,0,0.92790863668808
timgraham,Tim Graham,2021-03-26T01:05:24Z,2021-03-30T18:26:19Z,12,180,"{'Asif Saif Uddin', 'Simon Charette', 'Tim Graham', 'Adam Johnson', 'Mariusz Felisiak'}",2021-03-26 01:43:39,0,11,1,58776,2012-04-28T02:47:18Z,0.7351303185564714,104,1133,2010-09-22T18:09:03Z,18.009999999999998,1.0,0,0,0.832870627429206
cachitas,Hugo Cachitas,2021-03-25T15:13:43Z,2021-04-03T15:45:48Z,2,47,"{'Hugo Cachitas', 'Chris Jerdonek', 'Mariusz Felisiak'}",2021-03-25 20:09:37,1,9,1,58776,2012-04-28T02:47:18Z,0.7351303185564714,104,9,2012-09-11T01:18:21Z,1.01,0.0,0,1,0.9900990099009901
claudep,Claude Paroz,2021-03-25T09:44:57Z,2021-03-25T19:34:55Z,1,6,"{'Claude Paroz', 'Mariusz Felisiak'}",2021-03-25 12:07:02,0,3,1,58776,2012-04-28T02:47:18Z,0.7351303185564714,104,291,2009-10-22T14:35:57Z,18.009999999999998,6.0,0,1,0.7773459189339257
pope1ni,Nick Pope,2021-03-25T09:17:39Z,2021-03-29T08:15:05Z,7,125,"{'Nick Pope', 'Mariusz Felisiak'}",2021-03-25 09:31:35,0,7,1,58776,2012-04-28T02:47:18Z,0.7351303185564714,104,62,2012-11-21T17:07:20Z,16.009999999999998,16.0,0,1,0.43722673329169276
sreehari1997,SREEHARI K.V,2021-03-25T08:48:49Z,2021-03-26T07:03:49Z,2,5,"{'SREEHARI K.V', 'Chris Jerdonek'}",2021-03-25 09:04:26,0,5,1,58776,2012-04-28T02:47:18Z,0.7351303185564714,104,57,2016-10-06T15:30:21Z,0.01,0.0,0,0,0.0
cjerdonek,Chris Jerdonek,2021-03-25T07:55:10Z,2021-04-02T11:17:43Z,2,33,{'Carlton Gibson'},2021-03-30 10:32:53,0,1,2,58776,2012-04-28T02:47:18Z,0.7351303185564714,104,192,2010-08-06T03:04:24Z,14.01,14.0,0,0,0.92790863668808
cjerdonek,Chris Jerdonek,2021-03-25T07:43:34Z,2021-03-25T11:53:32Z,2,26,{'Mariusz Felisiak'},2021-03-25 08:46:08,0,1,1,58776,2012-04-28T02:47:18Z,0.7351303185564714,104,192,2010-08-06T03:04:24Z,14.01,14.0,0,0,0.92790863668808
felixxm,Mariusz Felisiak,2021-03-24T10:29:47Z,2021-03-24T11:18:01Z,1,2,{'Carlton Gibson'},2021-03-24 11:02:56,0,0,1,58776,2012-04-28T02:47:18Z,0.7351303185564714,104,428,2012-11-22T20:10:35Z,34.01,29.0,1,1,0.7350779182593355
felixxm,Mariusz Felisiak,2021-03-24T10:15:03Z,2021-03-24T10:44:01Z,2,8,{'Carlton Gibson'},2021-03-24 10:17:47,0,0,1,58776,2012-04-28T02:47:18Z,0.7351303185564714,104,428,2012-11-22T20:10:35Z,34.01,29.0,1,1,0.7350779182593355
abbasidaniyal,Daniyal Abbasi,2021-03-24T05:51:57Z,2021-07-15T10:37:49Z,20,247,"{'Jacob Walls', 'Mariusz Felisiak'}",2021-06-03 02:43:53,0,4,1,58776,2012-04-28T02:47:18Z,0.7351303185564714,104,34,2018-01-31T17:57:07Z,48.01,1.0,0,0,0.9789627161008124
simonw,Simon Willison,2021-03-23T23:03:41Z,2021-03-25T09:28:20Z,1,6,"{'Nick Pope', 'Carlton Gibson'}",2021-03-25 07:40:27,0,2,1,58776,2012-04-28T02:47:18Z,0.7351303185564714,104,2620,2008-05-07T17:22:14Z,0.01,0.0,0,0,0.0
fdemmer,Florian Demmer,2021-03-23T08:53:41Z,2021-03-24T06:23:47Z,4,62,"{'Florian Demmer', 'Mariusz Felisiak'}",2021-03-23 10:25:15,0,4,1,58776,2012-04-28T02:47:18Z,0.7351303185564714,104,13,2011-02-22T00:29:02Z,0.01,0.0,0,1,0.0
girishsontakke,Girish Sontakke,2021-03-23T05:01:47Z,2021-03-25T05:37:01Z,2,19,{'Mariusz Felisiak'},2021-03-23 06:06:46,7,2,9,58776,2012-04-28T02:47:18Z,0.7351303185564714,104,5,2020-03-05T19:52:26Z,4.01,1.0,0,1,0.9975062344139651
felixxm,Mariusz Felisiak,2021-03-22T11:13:23Z,2021-03-23T08:16:33Z,4,25,{'David Smith'},2021-03-22 17:35:14,0,0,1,58776,2012-04-28T02:47:18Z,0.7351303185564714,104,428,2012-11-22T20:10:35Z,34.01,29.0,1,1,0.7350779182593355
felixxm,Mariusz Felisiak,2021-03-22T06:53:13Z,2021-03-22T07:22:58Z,1,6,{'Carlton Gibson'},2021-03-22 07:11:06,0,0,1,58776,2012-04-28T02:47:18Z,0.7351303185564714,104,428,2012-11-22T20:10:35Z,34.01,29.0,1,1,0.7350779182593355
felixxm,Mariusz Felisiak,2021-03-20T21:29:09Z,2021-03-25T09:33:55Z,1,17,"{'Mariusz Felisiak', 'Carlton Gibson'}",2021-03-20 21:29:49,0,3,1,58776,2012-04-28T02:47:18Z,0.7351303185564714,104,428,2012-11-22T20:10:35Z,34.01,29.0,1,1,0.7350779182593355
pope1ni,Nick Pope,2021-03-19T15:44:25Z,2021-03-29T10:40:22Z,2,37,"{'Unknown', 'Nick Pope', 'Mariusz Felisiak'}",2021-03-21 16:29:43,0,5,1,58776,2012-04-28T02:47:18Z,0.7351303185564714,104,62,2012-11-21T17:07:20Z,16.009999999999998,16.0,0,1,0.43722673329169276
adamchainz,Adam Johnson,2021-03-19T11:24:55Z,2021-03-22T19:49:40Z,2,76,"{'Alexandr Artemyev', 'Simon Charette', 'Mariusz Felisiak'}",2021-03-19 12:45:56,1,3,2,58776,2012-04-28T02:47:18Z,0.7351303185564714,104,1305,2011-06-17T23:53:10Z,101.00999999999999,0.0,0,1,0.9900009900009901
abbasidaniyal,Daniyal Abbasi,2021-03-19T09:23:58Z,2021-06-01T13:08:33Z,4,93,"{'Daniyal Abbasi', 'David Smith', 'Chris Jerdonek', 'Ahmad A. Hussein', 'Mariusz Felisiak', 'Carlton Gibson'}",2021-03-19 10:52:06,0,28,1,58776,2012-04-28T02:47:18Z,0.7351303185564714,104,34,2018-01-31T17:57:07Z,48.01,1.0,0,0,0.9789627161008124
bmispelon,Baptiste Mispelon,2021-03-18T23:48:35Z,2021-03-20T19:33:21Z,4,92,"{'Baptiste Mispelon', 'Mariusz Felisiak'}",2021-03-19 09:04:43,1,3,2,58776,2012-04-28T02:47:18Z,0.7351303185564714,104,227,2008-04-10T22:31:45Z,2.01,0.0,0,0,0.49751243781094534
felixxm,Mariusz Felisiak,2021-03-18T11:11:31Z,2021-03-19T07:03:58Z,1,17,{'Adam Johnson'},2021-03-18 11:56:56,0,0,3,58776,2012-04-28T02:47:18Z,0.7351303185564714,104,428,2012-11-22T20:10:35Z,34.01,29.0,1,1,0.7350779182593355
hramezani,Hasan Ramezani,2021-03-18T10:09:51Z,2021-03-18T16:31:02Z,2,10,{'Mariusz Felisiak'},2021-03-18 12:42:41,0,1,1,58776,2012-04-28T02:47:18Z,0.7351303185564714,104,239,2012-12-25T18:04:47Z,49.01,6.0,0,1,0.7957559681697614
hramezani,Hasan Ramezani,2021-03-17T15:42:33Z,2021-03-18T10:08:56Z,2,15,{'Mariusz Felisiak'},2021-03-17 20:24:53,0,2,1,58776,2012-04-28T02:47:18Z,0.7351303185564714,104,239,2012-12-25T18:04:47Z,49.01,6.0,0,1,0.7957559681697614
knaperek,Jozef,2021-03-17T13:07:17Z,2021-03-17T17:49:03Z,1,4,{'Nick Pope'},2021-03-17 13:08:35,0,0,1,58776,2012-04-28T02:47:18Z,0.7351303185564714,104,10,2011-10-16T09:40:40Z,2.01,0.0,0,1,0.0
adamchainz,Adam Johnson,2021-03-17T11:28:29Z,2021-03-17T20:51:23Z,2,6,"{'Adam Johnson', 'Mariusz Felisiak'}",2021-03-17 19:47:06,0,2,1,58776,2012-04-28T02:47:18Z,0.7351303185564714,104,1305,2011-06-17T23:53:10Z,101.00999999999999,0.0,0,1,0.9900009900009901
adamchainz,Adam Johnson,2021-03-17T10:56:47Z,2021-03-30T06:29:56Z,3,11,"{'Nick Pope', 'Adam Johnson'}",2021-03-17 10:57:40,0,8,1,58776,2012-04-28T02:47:18Z,0.7351303185564714,104,1305,2011-06-17T23:53:10Z,101.00999999999999,0.0,0,1,0.9900009900009901
cjerdonek,Chris Jerdonek,2021-03-16T19:07:15Z,2021-07-08T06:45:21Z,10,493,"{'Adam Johnson', 'Chris Jerdonek', 'Mariusz Felisiak'}",2021-04-22 09:31:35,1,7,1,58776,2012-04-28T02:47:18Z,0.7351303185564714,104,192,2010-08-06T03:04:24Z,14.01,14.0,0,0,0.92790863668808
abbasidaniyal,Daniyal Abbasi,2021-03-16T15:46:20Z,2021-03-19T09:55:30Z,8,87,"{'Daniyal Abbasi', 'Mariusz Felisiak'}",2021-03-17 12:56:21,0,3,1,58776,2012-04-28T02:47:18Z,0.7351303185564714,104,34,2018-01-31T17:57:07Z,48.01,1.0,0,0,0.9789627161008124
hramezani,Hasan Ramezani,2021-03-16T12:53:50Z,2021-04-09T08:47:46Z,1,3,{'Mariusz Felisiak'},2021-04-09 06:13:40,0,1,1,58776,2012-04-28T02:47:18Z,0.7351303185564714,104,239,2012-12-25T18:04:47Z,49.01,6.0,0,1,0.7957559681697614
felixxm,Mariusz Felisiak,2021-03-16T12:06:06Z,2021-03-16T19:22:36Z,1,12,{'Carlton Gibson'},2021-03-16 15:32:29,0,0,1,58776,2012-04-28T02:47:18Z,0.7351303185564714,104,428,2012-11-22T20:10:35Z,34.01,29.0,1,1,0.7350779182593355
abbasidaniyal,Daniyal Abbasi,2021-03-16T07:12:13Z,2021-03-16T08:39:42Z,2,14,{'Mariusz Felisiak'},2021-03-16 07:14:38,0,1,1,58776,2012-04-28T02:47:18Z,0.7351303185564714,104,34,2018-01-31T17:57:07Z,48.01,1.0,0,0,0.9789627161008124
abbasidaniyal,Daniyal Abbasi,2021-03-14T14:57:56Z,2021-03-30T06:29:56Z,10,109,"{'Nick Pope', 'Unknown', 'Daniyal Abbasi', 'Adam Johnson'}",2021-03-14 21:08:29,1,28,2,58776,2012-04-28T02:47:18Z,0.7351303185564714,104,34,2018-01-31T17:57:07Z,48.01,1.0,0,0,0.9789627161008124
felixxm,Mariusz Felisiak,2021-03-14T12:54:45Z,2021-03-15T07:20:36Z,1,5,{'Claude Paroz'},2021-03-14 14:10:20,0,0,1,58776,2012-04-28T02:47:18Z,0.7351303185564714,104,428,2012-11-22T20:10:35Z,34.01,29.0,1,1,0.7350779182593355
nE0sIghT,Yuri Konotopov,2021-03-13T19:57:16Z,2021-03-16T07:33:03Z,2,22,"{'Yuri Konotopov', 'Simon Charette', 'Mariusz Felisiak'}",2021-03-13 22:16:37,0,11,1,58776,2012-04-28T02:47:18Z,0.7351303185564714,104,30,2013-01-26T10:58:02Z,3.01,0.0,0,0,0.0
felixxm,Mariusz Felisiak,2021-03-12T11:27:39Z,2021-03-12T19:17:00Z,1,1,"{'Tom Forbes', 'Carlton Gibson'}",2021-03-12 11:36:24,0,0,1,58776,2012-04-28T02:47:18Z,0.7351303185564714,104,428,2012-11-22T20:10:35Z,34.01,29.0,1,1,0.7350779182593355
hramezani,Hasan Ramezani,2021-03-11T13:35:31Z,2021-03-15T19:11:41Z,4,36,{'Mariusz Felisiak'},2021-03-11 19:52:29,2,3,2,58776,2012-04-28T02:47:18Z,0.7351303185564714,104,239,2012-12-25T18:04:47Z,49.01,6.0,0,1,0.7957559681697614
manav014,Manav Agarwal,2021-03-10T13:47:33Z,2021-03-12T19:13:58Z,2,84,"{'Manav Agarwal', 'Mariusz Felisiak'}",2021-03-10 16:58:07,1,10,2,58776,2012-04-28T02:47:18Z,0.7351303185564714,104,46,2019-05-31T16:51:48Z,4.01,4.0,0,0,0.0
hramezani,Hasan Ramezani,2021-03-10T13:11:16Z,2021-03-11T08:00:50Z,4,32,{'Adam Johnson'},2021-03-10 14:41:47,0,0,1,58776,2012-04-28T02:47:18Z,0.7351303185564714,104,239,2012-12-25T18:04:47Z,49.01,6.0,0,1,0.7957559681697614
felixxm,Mariusz Felisiak,2021-03-10T12:28:52Z,2021-03-10T14:37:28Z,1,2,{'Carlton Gibson'},2021-03-10 13:03:38,0,0,1,58776,2012-04-28T02:47:18Z,0.7351303185564714,104,428,2012-11-22T20:10:35Z,34.01,29.0,1,1,0.7350779182593355
cjerdonek,Chris Jerdonek,2021-03-10T07:16:24Z,2021-03-11T09:52:48Z,4,76,"{'Chris Jerdonek', 'Mariusz Felisiak'}",2021-03-10 08:01:21,0,2,2,58776,2012-04-28T02:47:18Z,0.7351303185564714,104,192,2010-08-06T03:04:24Z,14.01,14.0,0,0,0.92790863668808
jonnythebard,Jonny Park,2021-03-10T05:44:43Z,2021-03-10T21:08:39Z,2,37,"{'Jonny Park', 'Mariusz Felisiak'}",2021-03-10 06:55:16,0,8,1,58776,2012-04-28T02:47:18Z,0.7351303185564714,104,7,2016-11-19T14:46:15Z,0.01,0.0,0,1,0.0
felixxm,Mariusz Felisiak,2021-03-08T21:27:46Z,2021-03-10T08:16:28Z,9,90,"{'Unknown', 'Adam Johnson', 'Mariusz Felisiak'}",2021-03-09 02:52:16,0,2,1,58776,2012-04-28T02:47:18Z,0.7351303185564714,104,428,2012-11-22T20:10:35Z,34.01,29.0,1,1,0.7350779182593355
felixxm,Mariusz Felisiak,2021-03-08T12:37:58Z,2021-03-09T10:29:55Z,1,2,"{'Nick Pope', 'Carlton Gibson'}",2021-03-08 13:38:18,0,0,1,58776,2012-04-28T02:47:18Z,0.7351303185564714,104,428,2012-11-22T20:10:35Z,34.01,29.0,1,1,0.7350779182593355
felixxm,Mariusz Felisiak,2021-03-08T10:27:42Z,2021-03-09T17:34:25Z,1,2,"{'Mariusz Felisiak', 'Nick Pope', 'Carlton Gibson'}",2021-03-08 13:42:27,0,4,1,58776,2012-04-28T02:47:18Z,0.7351303185564714,104,428,2012-11-22T20:10:35Z,34.01,29.0,1,1,0.7350779182593355
felixxm,Mariusz Felisiak,2021-03-08T09:47:40Z,2021-03-09T17:38:07Z,1,2,"{'Mariusz Felisiak', 'Nick Pope', 'Carlton Gibson'}",2021-03-08 13:45:46,0,4,1,58776,2012-04-28T02:47:18Z,0.7351303185564714,104,428,2012-11-22T20:10:35Z,34.01,29.0,1,1,0.7350779182593355
orf,Tom Forbes,2021-03-07T15:00:04Z,2021-03-12T10:54:53Z,1,24,"{'Tom Forbes', 'Carlton Gibson', 'Mariusz Felisiak'}",2021-03-10 13:33:58,0,5,1,58776,2012-04-28T02:47:18Z,0.7351303185564714,104,308,2011-09-05T11:22:08Z,29.009999999999998,0.0,0,1,0.4825922095829025
diego-lima,Diego Lima,2021-03-06T20:51:08Z,2021-03-08T08:51:39Z,2,10,"{'Simon Charette', 'Diego Lima', 'Chris Jerdonek'}",2021-03-06 21:29:28,0,11,1,58776,2012-04-28T02:47:18Z,0.7351303185564714,104,20,2015-05-29T19:46:17Z,0.01,0.0,0,0,0.0
cjerdonek,Chris Jerdonek,2021-03-06T09:06:05Z,2021-03-08T10:41:20Z,1,72,{'Mariusz Felisiak'},2021-03-08 08:31:15,0,1,3,58776,2012-04-28T02:47:18Z,0.7351303185564714,104,192,2010-08-06T03:04:24Z,14.01,14.0,0,0,0.92790863668808
jacobtylerwalls,Jacob Walls,2021-03-04T15:32:42Z,2021-03-04T19:54:07Z,1,2,{'Nick Pope'},2021-03-04 19:51:15,0,0,1,58776,2012-04-28T02:47:18Z,0.7351303185564714,104,14,2018-04-23T18:26:21Z,35.01,8.0,0,0,0.5712653527563554
cjerdonek,Chris Jerdonek,2021-03-04T12:50:16Z,2021-03-05T06:28:37Z,1,4,"{'Unknown', 'Chris Jerdonek'}",2021-03-05 02:06:05,0,2,1,58776,2012-04-28T02:47:18Z,0.7351303185564714,104,192,2010-08-06T03:04:24Z,14.01,14.0,0,0,0.92790863668808
felixxm,Mariusz Felisiak,2021-03-04T11:48:43Z,2021-03-23T07:56:51Z,4,73,"{'Chris Jerdonek', 'Carlton Gibson'}",2021-03-04 20:22:09,1,1,3,58776,2012-04-28T02:47:18Z,0.7351303185564714,104,428,2012-11-22T20:10:35Z,34.01,29.0,1,1,0.7350779182593355
cjerdonek,Chris Jerdonek,2021-03-04T10:46:18Z,2021-03-05T20:03:46Z,3,176,"{'Jacob Walls', 'Chris Jerdonek'}",2021-03-04 20:02:51,0,2,1,58776,2012-04-28T02:47:18Z,0.7351303185564714,104,192,2010-08-06T03:04:24Z,14.01,14.0,0,0,0.92790863668808
felixxm,Mariusz Felisiak,2021-03-04T09:25:26Z,2021-03-04T10:30:07Z,1,12,{'Carlton Gibson'},2021-03-04 09:29:02,0,0,1,58776,2012-04-28T02:47:18Z,0.7351303185564714,104,428,2012-11-22T20:10:35Z,34.01,29.0,1,1,0.7350779182593355
felixxm,Mariusz Felisiak,2021-03-04T08:42:23Z,2021-03-04T09:43:01Z,1,2,{'Carlton Gibson'},2021-03-04 09:03:35,0,0,1,58776,2012-04-28T02:47:18Z,0.7351303185564714,104,428,2012-11-22T20:10:35Z,34.01,29.0,1,1,0.7350779182593355
felixxm,Mariusz Felisiak,2021-03-03T07:25:51Z,2021-03-03T08:06:36Z,1,4,{'Carlton Gibson'},2021-03-03 07:26:44,0,0,1,58776,2012-04-28T02:47:18Z,0.7351303185564714,104,428,2012-11-22T20:10:35Z,34.01,29.0,1,1,0.7350779182593355
hramezani,Hasan Ramezani,2021-03-02T15:16:27Z,2021-03-04T08:21:23Z,4,65,"{'Mariusz Felisiak', 'Tim Graham', 'Simon Charette', 'Hasan Ramezani'}",2021-03-02 15:47:20,3,6,3,58776,2012-04-28T02:47:18Z,0.7351303185564714,104,239,2012-12-25T18:04:47Z,49.01,6.0,0,1,0.7957559681697614
jacobtylerwalls,Jacob Walls,2021-02-28T00:17:54Z,2021-03-01T21:01:37Z,2,15,"{'Jacob Walls', 'Nick Pope', 'Mariusz Felisiak'}",2021-03-01 00:49:14,0,9,1,58776,2012-04-28T02:47:18Z,0.7351303185564714,104,14,2018-04-23T18:26:21Z,35.01,8.0,0,0,0.5712653527563554
jacobtylerwalls,Jacob Walls,2021-02-27T18:06:10Z,2021-03-01T09:54:02Z,1,4,{'Nick Pope'},2021-03-01 00:52:52,0,0,1,58776,2012-04-28T02:47:18Z,0.7351303185564714,104,14,2018-04-23T18:26:21Z,35.01,8.0,0,0,0.5712653527563554
jacobtylerwalls,Jacob Walls,2021-02-26T15:14:34Z,2021-03-03T12:30:55Z,3,102,"{'Jacob Walls', 'Unknown', 'Mariusz Felisiak', 'Carlton Gibson'}",2021-03-01 09:14:48,2,8,3,58776,2012-04-28T02:47:18Z,0.7351303185564714,104,14,2018-04-23T18:26:21Z,35.01,8.0,0,0,0.5712653527563554
felixxm,Mariusz Felisiak,2021-02-26T07:52:57Z,2021-02-26T19:53:01Z,2,10,"{'Mariusz Felisiak', 'Nick Pope', 'Adam Johnson', 'Hasan Ramezani'}",2021-02-26 09:15:33,0,6,1,58776,2012-04-28T02:47:18Z,0.7351303185564714,104,428,2012-11-22T20:10:35Z,34.01,29.0,1,1,0.7350779182593355
jacobtylerwalls,Jacob Walls,2021-02-25T23:57:27Z,2021-02-26T19:22:53Z,2,21,{'Mariusz Felisiak'},2021-02-26 10:39:10,0,1,1,58776,2012-04-28T02:47:18Z,0.7351303185564714,104,14,2018-04-23T18:26:21Z,35.01,8.0,0,0,0.5712653527563554
felixxm,Mariusz Felisiak,2021-02-25T19:47:37Z,2021-03-01T07:13:29Z,4,46,"{'Nick Pope', 'Tom Forbes', 'Markus Holtermann', 'Mariusz Felisiak'}",2021-02-26 10:22:05,1,10,2,58776,2012-04-28T02:47:18Z,0.7351303185564714,104,428,2012-11-22T20:10:35Z,34.01,29.0,1,1,0.7350779182593355
camilonova,Camilo Nova,2021-02-25T16:13:23Z,2021-02-25T19:48:32Z,1,4,{'Nick Pope'},2021-02-25 18:52:50,0,0,1,58776,2012-04-28T02:47:18Z,0.7351303185564714,104,96,2010-02-12T16:31:32Z,2.01,0.0,0,1,0.49751243781094534
MarkusH,Markus Holtermann,2021-02-25T10:01:58Z,2021-03-09T08:33:47Z,15,125,"{'Adam Johnson', 'Mariusz Felisiak'}",2021-03-01 11:19:55,0,3,1,58776,2012-04-28T02:47:18Z,0.7351303185564714,104,287,2010-11-10T12:13:13Z,84.00999999999999,0.0,0,1,0.9641709320319011
felixxm,Mariusz Felisiak,2021-02-25T09:09:12Z,2021-02-26T05:15:52Z,2,6,{'Tom Forbes'},2021-02-25 23:56:40,0,0,1,58776,2012-04-28T02:47:18Z,0.7351303185564714,104,428,2012-11-22T20:10:35Z,34.01,29.0,1,1,0.7350779182593355
rohithpr,Rohith PR,2021-02-25T07:52:20Z,2021-03-02T11:56:34Z,2,30,{'Mariusz Felisiak'},2021-03-02 06:39:18,0,2,1,58776,2012-04-28T02:47:18Z,0.7351303185564714,104,11,2014-12-23T04:59:38Z,6.01,5.0,0,0,0.49916805324459235
hramezani,Hasan Ramezani,2021-02-24T16:18:21Z,2021-03-01T09:44:59Z,4,54,"{'Recep Sirin', 'Mariusz Felisiak'}",2021-02-24 18:05:56,0,1,1,58776,2012-04-28T02:47:18Z,0.7351303185564714,104,239,2012-12-25T18:04:47Z,49.01,6.0,0,1,0.7957559681697614
felixxm,Mariusz Felisiak,2021-02-24T12:02:50Z,2021-02-24T19:24:05Z,1,2,"{'Tom Forbes', 'Recep Sirin', 'Simon Charette'}",2021-02-24 12:18:05,0,0,1,58776,2012-04-28T02:47:18Z,0.7351303185564714,104,428,2012-11-22T20:10:35Z,34.01,29.0,1,1,0.7350779182593355
felixxm,Mariusz Felisiak,2021-02-24T11:34:14Z,2021-02-24T11:57:13Z,1,2,"{'Tom Forbes', 'Adam Johnson'}",2021-02-24 11:35:55,0,0,1,58776,2012-04-28T02:47:18Z,0.7351303185564714,104,428,2012-11-22T20:10:35Z,34.01,29.0,1,1,0.7350779182593355
charettes,Simon Charette,2021-02-24T02:00:12Z,2021-02-24T09:11:41Z,3,31,{'Mariusz Felisiak'},2021-02-24 08:06:01,0,1,1,58776,2012-04-28T02:47:18Z,0.7351303185564714,104,330,2008-05-04T21:11:31Z,13.01,6.0,0,1,0.6917755572636434
